-- phpMyAdmin SQL Dump
-- version 5.0.1
-- https://www.phpmyadmin.net/
--
-- Host: localhost
-- Generation Time: Mar 03, 2023 at 08:25 AM
-- Server version: 10.4.11-MariaDB
-- PHP Version: 7.4.3

SET SQL_MODE = "NO_AUTO_VALUE_ON_ZERO";
SET AUTOCOMMIT = 0;
START TRANSACTION;
SET time_zone = "+00:00";


/*!40101 SET @OLD_CHARACTER_SET_CLIENT=@@CHARACTER_SET_CLIENT */;
/*!40101 SET @OLD_CHARACTER_SET_RESULTS=@@CHARACTER_SET_RESULTS */;
/*!40101 SET @OLD_COLLATION_CONNECTION=@@COLLATION_CONNECTION */;
/*!40101 SET NAMES utf8mb4 */;

--
-- Database: `PMS`
--

-- --------------------------------------------------------

--
-- Table structure for table `appointments`
--

CREATE TABLE `appointments` (
  `id` int(11) NOT NULL,
  `pr_id` int(11) DEFAULT NULL,
  `user_id` int(11) DEFAULT NULL,
  `appointment_date` date DEFAULT NULL,
  `appointment_time` varchar(255) NOT NULL,
  `status` int(11) NOT NULL,
  `created_at` date DEFAULT NULL,
  `updated_at` date DEFAULT NULL
) ENGINE=InnoDB DEFAULT CHARSET=utf8mb4;

--
-- Dumping data for table `appointments`
--

INSERT INTO `appointments` (`id`, `pr_id`, `user_id`, `appointment_date`, `appointment_time`, `status`, `created_at`, `updated_at`) VALUES
(1, 14, 16, '2022-04-12', '9:00AM-11:00AM', 3, '2022-12-01', '2023-03-01'),
(2, 22, 17, '2022-07-07', '1:00PM-3:00PM', 3, '2022-03-02', '2023-03-01'),
(3, 14, 18, '2022-03-23', '9:00AM-11:00AM', 3, '2022-04-26', '2023-03-01'),
(4, 29, 17, '2022-11-06', '1:00PM-3:00PM', 3, '2022-12-29', '2023-03-01'),
(5, 30, 18, '2022-05-07', '9:00AM-11:00AM', 3, '2022-03-10', '2023-03-01'),
(6, 10, 16, '2022-01-13', '9:00AM-11:00AM', 3, '2022-05-15', '2023-03-01'),
(7, 48, 17, '2022-04-11', '1:00PM-3:00PM', 3, '2022-03-31', '2023-03-01'),
(8, 8, 19, '2022-07-11', '1:00PM-3:00PM', 3, '2022-03-20', '2023-03-01'),
(9, 42, 18, '2022-06-16', '9:00AM-11:00AM', 3, '2022-05-19', '2023-03-01'),
(10, 14, 16, '2022-02-17', '9:00AM-11:00AM', 3, '2022-09-03', '2023-03-01'),
(11, 21, 18, '2022-09-29', '9:00AM-11:00AM', 3, '2022-10-20', '2023-03-01'),
(12, 40, 18, '2022-01-03', '9:00AM-11:00AM', 3, '2022-08-11', '2023-03-01'),
(13, 45, 18, '2022-09-22', '9:00AM-11:00AM', 3, '2022-08-29', '2023-03-01'),
(14, 23, 18, '2022-07-14', '9:00AM-11:00AM', 3, '2022-09-05', '2023-03-01'),
(15, 10, 16, '2022-11-14', '9:00AM-11:00AM', 3, '2022-10-19', '2023-03-01'),
(16, 7, 16, '2022-10-28', '9:00AM-11:00AM', 3, '2022-07-20', '2023-03-01'),
(17, 2, 19, '2022-06-29', '1:00PM-3:00PM', 3, '2022-05-08', '2023-03-01'),
(18, 1, 18, '2022-04-16', '9:00AM-11:00AM', 3, '2022-10-16', '2023-03-01'),
(19, 40, 19, '2022-02-28', '1:00PM-3:00PM', 3, '2022-05-12', '2023-03-01'),
(20, 4, 17, '2022-10-18', '1:00PM-3:00PM', 3, '2022-09-15', '2023-03-01'),
(21, 1, 19, '2022-09-06', '1:00PM-3:00PM', 3, '2022-09-23', '2023-03-01'),
(22, 1, 16, '2022-12-08', '9:00AM-11:00AM', 3, '2022-07-20', '2023-03-01'),
(23, 38, 16, '2022-09-23', '9:00AM-11:00AM', 3, '2022-05-20', '2023-03-01'),
(24, 21, 16, '2022-12-26', '9:00AM-11:00AM', 3, '2022-09-01', '2023-03-01'),
(25, 26, 16, '2022-05-18', '9:00AM-11:00AM', 3, '2022-03-15', '2023-03-01'),
(26, 37, 19, '2022-01-11', '1:00PM-3:00PM', 3, '2022-08-12', '2023-03-01'),
(27, 40, 18, '2022-08-12', '9:00AM-11:00AM', 3, '2022-04-28', '2023-03-01'),
(28, 23, 19, '2022-10-03', '1:00PM-3:00PM', 3, '2022-05-19', '2023-03-01'),
(29, 41, 18, '2022-01-04', '9:00AM-11:00AM', 3, '2022-10-16', '2023-03-01'),
(30, 36, 19, '2022-06-13', '1:00PM-3:00PM', 3, '2022-09-16', '2023-03-01'),
(31, 45, 18, '2022-03-11', '9:00AM-11:00AM', 3, '2022-09-28', '2023-03-01'),
(32, 3, 17, '2022-08-20', '1:00PM-3:00PM', 3, '2022-07-31', '2023-03-01'),
(33, 6, 17, '2022-10-14', '1:00PM-3:00PM', 3, '2022-04-09', '2023-03-01'),
(34, 22, 16, '2022-09-30', '9:00AM-11:00AM', 3, '2022-12-03', '2023-03-01'),
(35, 17, 17, '2022-02-03', '1:00PM-3:00PM', 3, '2022-10-18', '2023-03-01'),
(36, 20, 18, '2022-05-13', '9:00AM-11:00AM', 3, '2022-03-11', '2023-03-01'),
(37, 30, 17, '2022-04-02', '1:00PM-3:00PM', 3, '2022-11-02', '2023-03-01'),
(38, 37, 17, '2022-12-06', '1:00PM-3:00PM', 3, '2022-08-13', '2023-03-01'),
(39, 46, 17, '2022-09-07', '1:00PM-3:00PM', 3, '2022-03-30', '2023-03-01'),
(40, 33, 18, '2022-06-20', '9:00AM-11:00AM', 3, '2022-04-09', '2023-03-01'),
(41, 23, 17, '2022-01-08', '1:00PM-3:00PM', 3, '2022-11-23', '2023-03-01'),
(42, 2, 19, '2022-09-16', '1:00PM-3:00PM', 3, '2022-11-03', '2023-03-01'),
(43, 36, 18, '2022-01-18', '9:00AM-11:00AM', 3, '2022-04-17', '2023-03-01'),
(44, 13, 17, '2022-10-02', '1:00PM-3:00PM', 3, '2022-12-06', '2023-03-01'),
(45, 12, 18, '2022-01-02', '9:00AM-11:00AM', 3, '2022-10-07', '2023-03-01'),
(46, 5, 19, '2022-10-04', '1:00PM-3:00PM', 3, '2022-10-15', '2023-03-01'),
(47, 18, 19, '2022-12-05', '1:00PM-3:00PM', 3, '2022-10-30', '2023-03-01'),
(48, 3, 17, '2022-07-10', '1:00PM-3:00PM', 3, '2022-08-03', '2023-03-01'),
(49, 12, 18, '2022-08-17', '9:00AM-11:00AM', 3, '2022-03-17', '2023-03-01'),
(50, 50, 19, '2022-06-11', '1:00PM-3:00PM', 3, '2022-07-22', '2023-03-01'),
(51, 38, 16, '2022-10-28', '9:00AM-11:00AM', 3, '2022-09-05', '2023-03-01'),
(52, 22, 16, '2022-12-27', '9:00AM-11:00AM', 3, '2022-06-24', '2023-03-01'),
(53, 14, 16, '2022-03-24', '9:00AM-11:00AM', 3, '2022-09-08', '2023-03-01'),
(54, 14, 16, '2022-06-09', '9:00AM-11:00AM', 3, '2022-10-15', '2023-03-01'),
(55, 19, 18, '2022-04-04', '9:00AM-11:00AM', 3, '2022-10-23', '2023-03-01'),
(56, 44, 17, '2022-07-12', '1:00PM-3:00PM', 3, '2022-09-10', '2023-03-01'),
(57, 33, 17, '2022-02-19', '1:00PM-3:00PM', 3, '2022-07-06', '2023-03-01'),
(58, 37, 16, '2022-07-24', '9:00AM-11:00AM', 3, '2022-11-06', '2023-03-01'),
(59, 39, 17, '2022-09-30', '1:00PM-3:00PM', 3, '2022-08-05', '2023-03-01'),
(60, 28, 19, '2022-11-08', '1:00PM-3:00PM', 3, '2022-10-25', '2023-03-01'),
(61, 45, 16, '2022-06-05', '9:00AM-11:00AM', 3, '2022-04-07', '2023-03-01'),
(62, 42, 17, '2022-02-22', '1:00PM-3:00PM', 3, '2022-09-03', '2023-03-01'),
(63, 43, 16, '2022-12-12', '9:00AM-11:00AM', 3, '2022-09-14', '2023-03-01'),
(64, 21, 18, '2022-12-05', '9:00AM-11:00AM', 3, '2022-04-16', '2023-03-01'),
(65, 28, 17, '2022-03-18', '1:00PM-3:00PM', 3, '2022-05-25', '2023-03-01'),
(66, 50, 17, '2022-10-28', '1:00PM-3:00PM', 3, '2022-11-08', '2023-03-01'),
(67, 30, 17, '2022-12-20', '1:00PM-3:00PM', 3, '2022-11-18', '2023-03-01'),
(68, 29, 17, '2022-06-21', '1:00PM-3:00PM', 3, '2022-08-03', '2023-03-01'),
(69, 49, 19, '2022-03-23', '1:00PM-3:00PM', 3, '2022-04-01', '2023-03-01'),
(70, 27, 17, '2022-12-20', '1:00PM-3:00PM', 3, '2022-03-14', '2023-03-01'),
(71, 20, 16, '2022-09-27', '9:00AM-11:00AM', 3, '2022-04-12', '2023-03-01'),
(72, 4, 16, '2022-01-03', '9:00AM-11:00AM', 3, '2022-07-11', '2023-03-01'),
(73, 23, 16, '2022-07-15', '9:00AM-11:00AM', 3, '2022-05-27', '2023-03-01'),
(74, 26, 16, '2022-11-27', '9:00AM-11:00AM', 3, '2022-06-11', '2023-03-01'),
(75, 20, 17, '2022-06-20', '1:00PM-3:00PM', 3, '2022-04-12', '2023-03-01'),
(76, 34, 16, '2022-01-16', '9:00AM-11:00AM', 3, '2022-05-01', '2023-03-01'),
(77, 20, 17, '2022-09-04', '1:00PM-3:00PM', 3, '2022-11-03', '2023-03-01'),
(78, 1, 19, '2022-09-22', '1:00PM-3:00PM', 3, '2022-04-04', '2023-03-01'),
(79, 17, 18, '2022-09-08', '9:00AM-11:00AM', 3, '2022-04-20', '2023-03-01'),
(80, 21, 16, '2022-06-27', '9:00AM-11:00AM', 3, '2022-08-20', '2023-03-01'),
(81, 24, 18, '2022-05-28', '9:00AM-11:00AM', 3, '2022-12-24', '2023-03-01'),
(82, 34, 18, '2022-06-25', '9:00AM-11:00AM', 3, '2022-08-10', '2023-03-01'),
(83, 32, 17, '2022-01-18', '1:00PM-3:00PM', 3, '2022-12-03', '2023-03-01'),
(84, 41, 16, '2022-04-17', '9:00AM-11:00AM', 3, '2022-07-05', '2023-03-01'),
(85, 31, 17, '2022-04-03', '1:00PM-3:00PM', 3, '2022-09-12', '2023-03-01'),
(86, 18, 18, '2022-09-02', '9:00AM-11:00AM', 3, '2022-12-08', '2023-03-02'),
(87, 28, 18, '2022-10-10', '9:00AM-11:00AM', 3, '2022-10-18', '2023-03-02'),
(88, 21, 16, '2022-02-08', '9:00AM-11:00AM', 3, '2022-09-01', '2023-03-02'),
(89, 44, 16, '2022-01-15', '9:00AM-11:00AM', 3, '2022-11-16', '2023-03-02'),
(90, 6, 18, '2022-05-16', '9:00AM-11:00AM', 3, '2022-03-10', '2023-03-02'),
(91, 22, 16, '2022-10-14', '9:00AM-11:00AM', 3, '2022-04-01', '2023-03-02'),
(92, 23, 16, '2022-04-20', '9:00AM-11:00AM', 3, '2022-03-30', '2023-03-02'),
(93, 12, 16, '2022-03-07', '9:00AM-11:00AM', 3, '2022-09-11', '2023-03-02'),
(94, 12, 19, '2022-03-24', '1:00PM-3:00PM', 3, '2022-06-13', '2023-03-02'),
(95, 48, 17, '2022-10-06', '1:00PM-3:00PM', 3, '2022-12-02', '2023-03-02'),
(96, 21, 17, '2022-12-02', '1:00PM-3:00PM', 3, '2022-09-08', '2023-03-02'),
(97, 40, 18, '2022-01-01', '9:00AM-11:00AM', 3, '2022-10-28', '2023-03-02'),
(98, 24, 19, '2022-05-25', '1:00PM-3:00PM', 3, '2022-07-23', '2023-03-02'),
(99, 26, 18, '2022-07-31', '9:00AM-11:00AM', 3, '2022-07-29', '2023-03-02'),
(100, 40, 18, '2022-01-11', '9:00AM-11:00AM', 3, '2022-08-31', '2023-03-02'),
(101, 32, 17, '2022-02-20', '1:00PM-3:00PM', 3, '2022-09-23', '2023-03-02'),
(102, 20, 17, '2022-02-13', '1:00PM-3:00PM', 3, '2022-08-12', '2023-03-02'),
(103, 3, 18, '2022-10-14', '9:00AM-11:00AM', 3, '2022-12-03', '2023-03-02'),
(104, 19, 16, '2022-08-16', '9:00AM-11:00AM', 3, '2022-09-03', '2023-03-02'),
(105, 32, 17, '2022-06-04', '1:00PM-3:00PM', 3, '2022-11-18', '2023-03-02'),
(106, 6, 17, '2022-02-15', '1:00PM-3:00PM', 3, '2022-06-18', '2023-03-02'),
(107, 23, 16, '2022-09-12', '9:00AM-11:00AM', 3, '2022-03-01', '2023-03-02'),
(108, 1, 17, '2022-07-02', '1:00PM-3:00PM', 3, '2022-06-01', '2023-03-02'),
(109, 41, 17, '2022-01-20', '1:00PM-3:00PM', 3, '2022-08-12', '2023-03-02'),
(110, 46, 16, '2022-08-06', '9:00AM-11:00AM', 3, '2022-10-13', '2023-03-02'),
(111, 25, 19, '2022-09-22', '1:00PM-3:00PM', 3, '2022-12-19', '2023-03-02'),
(112, 46, 19, '2022-02-24', '1:00PM-3:00PM', 3, '2022-06-15', '2023-03-02'),
(113, 6, 16, '2022-07-12', '9:00AM-11:00AM', 3, '2022-06-28', '2023-03-02'),
(114, 43, 16, '2022-07-12', '9:00AM-11:00AM', 3, '2022-11-10', '2023-03-02'),
(115, 41, 18, '2022-04-02', '9:00AM-11:00AM', 3, '2022-06-07', '2023-03-02'),
(116, 19, 18, '2022-07-26', '9:00AM-11:00AM', 3, '2022-12-20', '2023-03-02'),
(117, 15, 18, '2022-11-06', '9:00AM-11:00AM', 3, '2022-05-29', '2023-03-02'),
(118, 31, 18, '2022-02-04', '9:00AM-11:00AM', 3, '2022-08-10', '2023-03-02'),
(119, 41, 17, '2022-09-04', '1:00PM-3:00PM', 3, '2022-11-03', '2023-03-02'),
(120, 24, 17, '2022-04-05', '1:00PM-3:00PM', 3, '2022-05-28', '2023-03-02');

-- --------------------------------------------------------

--
-- Table structure for table `medicines`
--

CREATE TABLE `medicines` (
  `id` int(11) NOT NULL,
  `category_id` int(11) DEFAULT NULL,
  `name` varchar(255) NOT NULL,
  `type_id` int(11) NOT NULL,
  `description` varchar(255) DEFAULT NULL,
  `company` varchar(255) DEFAULT NULL,
  `brand` varchar(255) DEFAULT NULL,
  `created_at` date DEFAULT NULL,
  `updated_at` date DEFAULT NULL
) ENGINE=InnoDB DEFAULT CHARSET=utf8mb4;

--
-- Dumping data for table `medicines`
--

INSERT INTO `medicines` (`id`, `category_id`, `name`, `type_id`, `description`, `company`, `brand`, `created_at`, `updated_at`) VALUES
(1, 4, 'Alodox', 5, 'Revision of Nonautologous Tissue Substitute in Left Shoulder Joint, Percutaneous Approach', 'OCuSOFT INC.', 'Sumatriptan Succinate', '2022-10-30', '2022-04-22'),
(2, 4, 'omeprazole/sodium bicarbonate', 9, 'Fusion of Lumbosacral Joint with Interbody Fusion Device, Posterior Approach, Anterior Column, Percutaneous Approach', 'Prasco, Laboratories', 'Panatuss', '2022-08-01', '2023-01-23'),
(3, 2, 'Nettle', 1, 'Alteration of Left Elbow Region with Nonautologous Tissue Substitute, Open Approach', 'Nelco Laboratories, Inc.', 'Ezetimibe', '2023-01-31', '2022-08-08'),
(4, 6, 'Nitrous Oxide', 5, 'Replacement of Right Acromioclavicular Joint with Nonautologous Tissue Substitute, Open Approach', 'NexAir, LLC', 'Turnip', '2022-04-24', '2022-05-14'),
(5, 3, 'Preferred Plus Pharmacy 3 percent Hydrogen Peroxide Wipes', 1, 'Bypass Right Hand Vein to Upper Vein, Percutaneous Endoscopic Approach', 'Kinray Inc.', 'ADVIL', '2022-11-13', '2022-08-16'),
(6, 1, 'BIOSOLIS Sun Milk UVA Sunscreen Face and Body Broad Spectrum SPF30', 7, 'Beam Radiation of Parathyroid Glands using Photons <1 MeV', 'Pro Vera SA', 'Painazin CP', '2022-06-21', '2023-02-21'),
(7, 5, 'mally Lip Defender', 9, 'Extirpation of Matter from Right Humeral Head, Open Approach', 'MallyGirl, LLC', 'LBEL', '2022-07-12', '2022-12-28'),
(8, 7, 'SHISEIDO THE MAKEUP FOUNDATION', 6, 'Drainage of Left Upper Arm Muscle, Percutaneous Endoscopic Approach', 'SHISEIDO CO., LTD.', 'MANGO BEBE LIP CARE', '2022-08-10', '2022-08-12'),
(9, 6, 'Macular Degeneration', 1, 'Resection of Left Foot Bursa and Ligament, Open Approach', 'Newton Laboratories, Inc.', 'Oxygen', '2022-08-16', '2022-04-25'),
(10, 6, 'Reglan', 3, 'Bypass Azygos Vein to Upper Vein with Autologous Tissue Substitute, Open Approach', 'General Injectables & Vaccines, Inc', 'Alocane', '2022-12-22', '2022-06-13'),
(11, 1, 'Oxycodone Hydrochloride', 2, 'Bypass Descending Colon to Sigmoid Colon, Via Natural or Artificial Opening Endoscopic', 'Zydus Pharmaceuticals (USA) Inc.', 'Purminerals 4 in 1 Makeup SPF 15 Medium Dark', '2022-12-01', '2022-07-22'),
(12, 3, 'Famotidine', 9, 'Supplement Lower Artery with Autologous Tissue Substitute, Percutaneous Endoscopic Approach', 'St Marys Medical Park Pharmacy', 'Fluconazole', '2022-10-27', '2022-10-05'),
(13, 3, 'Sword Fish', 2, 'Extirpation of Matter from Right Brachial Vein, Percutaneous Approach', 'Nelco Laboratories, Inc.', 'Divalproex Sodium', '2022-10-19', '2022-10-22'),
(14, 3, 'skin effects Brightening Day SPF 50', 3, 'Drainage of Left Toe Phalangeal Joint, Percutaneous Approach, Diagnostic', 'Diversified Global Technologies DBA Diversified Distribution', 'Propafenone Hydrochloride', '2022-06-10', '2022-04-23'),
(15, 3, 'Bupropion Hydrochloride', 5, 'Occlusion of Celiac Artery with Extraluminal Device, Percutaneous Endoscopic Approach', 'Dispensing Solutions, Inc.', 'Loxapine', '2022-08-29', '2022-11-23'),
(16, 6, 'Cloderm', 1, 'Reposition Lower Artery, Percutaneous Endoscopic Approach', 'Coria Laboratories', 'Eczema Rescue', '2022-08-06', '2022-11-30'),
(17, 6, 'Nicotine', 2, 'Revision of Extraluminal Device in Upper Artery, Open Approach', 'Walgreen Company', 'Penicillium notatum', '2022-12-09', '2022-04-07'),
(18, 6, 'Labetalol Hydrochloride', 4, 'Restriction of Innominate Artery with Intraluminal Device, Percutaneous Endoscopic Approach', 'Hospira, Inc.', 'Paroxetine', '2022-04-10', '2022-09-02'),
(19, 3, 'Urso 250', 8, 'Resection of Right Trunk Tendon, Open Approach', 'Aptalis Pharma US, Inc.', 'SUN PROTECTION FACE SUNSCREN BROAD SPECTRUM SPF 30', '2022-07-26', '2022-04-06'),
(20, 2, 'Sotalol Hydrochloride', 5, 'Dilation of Left Peroneal Artery, Bifurcation, with Four or More Intraluminal Devices, Open Approach', 'Golden State Medical Supply, Inc.', 'K-OK Kiddie Calmer', '2022-08-06', '2023-01-23');

-- --------------------------------------------------------

--
-- Table structure for table `medi_category`
--

CREATE TABLE `medi_category` (
  `id` int(11) NOT NULL,
  `category_name` varchar(255) DEFAULT NULL,
  `created_at` date DEFAULT NULL,
  `updated_at` date DEFAULT NULL
) ENGINE=InnoDB DEFAULT CHARSET=utf8mb4;

--
-- Dumping data for table `medi_category`
--

INSERT INTO `medi_category` (`id`, `category_name`, `created_at`, `updated_at`) VALUES
(1, 'Central Nervous System (CNS) Depressants', '2023-02-27', '2023-02-27'),
(2, 'CNS Stimulants', '2023-02-27', '2023-02-27'),
(3, 'Hallucinogens', '2023-02-27', '2023-02-27'),
(4, 'Dissociative Anesthetics', '2023-02-27', '2023-02-27'),
(5, 'Narcotic Analgesics', '2023-02-27', '2023-02-27'),
(6, 'Inhalants', '2023-02-27', '2023-02-27'),
(7, 'Cannabis', '2023-02-27', '2023-02-27');

-- --------------------------------------------------------

--
-- Table structure for table `medi_stocks`
--

CREATE TABLE `medi_stocks` (
  `id` int(11) NOT NULL,
  `medicine_id` int(11) DEFAULT NULL,
  `qty` int(100) NOT NULL,
  `price` varchar(255) NOT NULL,
  `per_price` int(10) DEFAULT NULL,
  `man_date` date NOT NULL,
  `exp_date` date NOT NULL,
  `enter_date` date NOT NULL,
  `created_at` date DEFAULT NULL,
  `updated_at` date DEFAULT NULL
) ENGINE=InnoDB DEFAULT CHARSET=utf8mb4;

--
-- Dumping data for table `medi_stocks`
--

INSERT INTO `medi_stocks` (`id`, `medicine_id`, `qty`, `price`, `per_price`, `man_date`, `exp_date`, `enter_date`, `created_at`, `updated_at`) VALUES
(1, 16, 200, '10000', 50, '2022-08-01', '2023-05-07', '2022-01-01', '2023-02-15', '2022-05-06'),
(2, 12, 150, '20000', 133, '2022-09-18', '2023-03-09', '2022-01-01', '2022-08-10', '2022-07-09'),
(3, 8, 150, '30000', 200, '2022-11-16', '2023-04-02', '2022-01-01', '2023-02-23', '2022-12-21'),
(4, 16, 150, '50000', 333, '2022-02-12', '2023-03-24', '2022-01-01', '2022-07-27', '2023-02-12'),
(5, 16, 150, '30000', 200, '2022-05-25', '2023-03-23', '2022-01-01', '2023-01-23', '2022-06-25'),
(6, 14, 200, '30000', 150, '2023-02-14', '2023-05-14', '2022-01-01', '2022-07-29', '2022-07-08'),
(7, 14, 300, '50000', 166, '2022-07-06', '2023-04-21', '2022-10-23', '2022-08-26', '2022-08-27'),
(8, 18, 150, '50000', 333, '2022-08-30', '2023-04-25', '2022-01-01', '2022-03-11', '2022-05-03'),
(9, 10, 150, '50000', 333, '2022-06-16', '2023-04-01', '2022-01-01', '2022-02-28', '2022-06-26'),
(10, 5, 200, '10000', 50, '2022-02-23', '2023-03-06', '2022-01-01', '2022-06-20', '2022-09-30'),
(11, 2, 300, '30000', 100, '2022-04-21', '2023-03-30', '2022-01-01', '2022-03-23', '2023-01-09'),
(12, 5, 200, '50000', 250, '2022-02-10', '2023-04-23', '2022-01-01', '2022-10-17', '2023-01-03'),
(13, 6, 150, '10000', 66, '2022-03-05', '2023-04-27', '2023-01-01', '2022-12-21', '2022-04-08'),
(14, 3, 300, '10000', 33, '2023-01-13', '2023-04-20', '2022-01-01', '2022-03-31', '2022-11-16'),
(15, 16, 300, '20000', 66, '2023-02-03', '2023-04-02', '2022-01-01', '2022-03-03', '2022-09-06'),
(16, 1, 300, '30000', 100, '2022-11-15', '2023-05-14', '2022-01-01', '2022-06-06', '2022-07-04'),
(17, 10, 200, '10000', 50, '2022-09-01', '2023-03-01', '2022-01-01', '2022-05-09', '2023-01-17'),
(18, 13, 200, '30000', 150, '2022-01-06', '2023-05-03', '2022-01-01', '2022-06-24', '2022-10-18'),
(19, 2, 300, '50000', 166, '2023-01-11', '2023-03-25', '2023-01-01', '2022-07-31', '2022-10-31'),
(20, 17, 300, '50000', 166, '2022-05-31', '2023-04-21', '2022-01-01', '2023-01-24', '2022-08-03'),
(21, 8, 20, '30000', 1500, '2020-12-31', '2023-12-31', '2022-04-03', '2023-03-01', '2023-03-01'),
(22, 8, 100, '300000', 3000, '2022-03-31', '2024-02-02', '2022-04-05', '2023-03-01', '2023-03-01'),
(23, 8, 200, '50000', 250, '2022-02-28', '2024-04-28', '2022-04-08', '2023-03-01', '2023-03-01'),
(24, 12, 200, '30000', 150, '2022-02-04', '2024-02-04', '2022-06-28', '2023-03-01', '2023-03-01'),
(25, 18, 200, '50000', 250, '2021-02-04', '2024-02-04', '2022-12-31', '2023-03-01', '2023-03-01');

-- --------------------------------------------------------

--
-- Table structure for table `medi_type`
--

CREATE TABLE `medi_type` (
  `id` int(11) NOT NULL,
  `type` varchar(255) NOT NULL,
  `created_at` date NOT NULL,
  `updated_at` date NOT NULL
) ENGINE=InnoDB DEFAULT CHARSET=utf8mb4;

--
-- Dumping data for table `medi_type`
--

INSERT INTO `medi_type` (`id`, `type`, `created_at`, `updated_at`) VALUES
(1, 'Methamphetamine', '2023-02-27', '2023-02-27'),
(2, 'Cannabis', '2023-02-27', '2023-02-27'),
(3, 'Ecstasy', '2023-02-27', '2023-02-27'),
(4, 'Hallucinogens', '2023-02-27', '2023-02-27'),
(5, 'Cocaine', '2023-02-27', '2023-02-27'),
(6, 'Analgesics/painkillers', '2023-02-27', '2023-02-27'),
(7, 'Inhalants', '2023-02-27', '2023-02-27'),
(8, 'Sedatives/benzodiazepines', '2023-02-27', '2023-02-27'),
(9, 'Heroin and other opioids', '2023-02-27', '2023-02-27');

-- --------------------------------------------------------

--
-- Table structure for table `medi_warehouses`
--

CREATE TABLE `medi_warehouses` (
  `id` int(11) NOT NULL,
  `medicine_id` int(11) NOT NULL,
  `total_qty` int(100) DEFAULT NULL,
  `created_at` date NOT NULL,
  `updated_at` date NOT NULL
) ENGINE=InnoDB DEFAULT CHARSET=utf8mb4;

--
-- Dumping data for table `medi_warehouses`
--

INSERT INTO `medi_warehouses` (`id`, `medicine_id`, `total_qty`, `created_at`, `updated_at`) VALUES
(1, 1, 117, '2022-02-28', '2023-03-02'),
(2, 2, 204, '2022-02-28', '2023-03-02'),
(3, 3, 117, '2022-02-28', '2023-03-02'),
(4, 4, 0, '2022-02-28', '2022-02-28'),
(5, 5, 104, '2022-02-28', '2023-03-02'),
(6, 6, 36, '2022-02-28', '2023-03-02'),
(7, 7, 0, '2022-02-28', '2022-02-28'),
(8, 8, 31, '2022-02-28', '2023-03-02'),
(9, 9, 0, '2022-02-28', '2022-02-28'),
(10, 10, 83, '2022-02-28', '2023-03-02'),
(11, 11, 0, '2022-02-28', '2022-02-28'),
(12, 12, 38, '2022-02-28', '2023-03-02'),
(13, 13, 35, '2022-02-28', '2023-03-02'),
(14, 14, 228, '2022-02-28', '2023-03-02'),
(15, 15, 0, '2022-02-28', '2022-02-28'),
(16, 16, 165, '2022-02-28', '2023-03-02'),
(17, 17, 213, '2022-02-28', '2023-03-01'),
(18, 18, 47, '2022-02-28', '2023-03-02'),
(19, 19, 0, '2022-02-28', '2022-02-28'),
(20, 20, 0, '2022-02-28', '2022-02-28');

-- --------------------------------------------------------

--
-- Table structure for table `patients`
--

CREATE TABLE `patients` (
  `id` int(11) NOT NULL,
  `pr_code` varchar(255) DEFAULT NULL,
  `name` varchar(255) DEFAULT NULL,
  `phone` varchar(255) DEFAULT NULL,
  `age` varchar(255) DEFAULT NULL,
  `weight` varchar(255) DEFAULT NULL,
  `height` varchar(255) DEFAULT NULL,
  `gender` int(11) DEFAULT NULL,
  `blood_type` varchar(255) DEFAULT NULL,
  `created_at` date DEFAULT NULL,
  `updated_at` date DEFAULT NULL
) ENGINE=InnoDB DEFAULT CHARSET=utf8mb4;

--
-- Dumping data for table `patients`
--

INSERT INTO `patients` (`id`, `pr_code`, `name`, `phone`, `age`, `weight`, `height`, `gender`, `blood_type`, `created_at`, `updated_at`) VALUES
(1, 'pr-0001', 'Basia Carnihan', '40-117-2662', '11', '77 Kg', '5 ft 6 in', 2, 'O+', '2022-07-27', '2022-02-07'),
(2, 'pr-0002', 'Verine Dampney', '77-297-0063', '11', '77 Kg', '5 ft 8 in', 1, 'B+', '2022-10-10', '2022-10-16'),
(3, 'pr-0003', 'Gina Wardingly', '29-315-2509', '11', '90 Kg', '4 ft 5 in', 1, 'AB+', '2022-07-19', '2022-03-16'),
(4, 'pr-0004', 'Georgia Damper', '51-516-7106', '23', '77 Kg', '5 ft 6 in', 1, 'A+', '2022-10-13', '2022-08-10'),
(5, 'pr-0005', 'Jordan Polleye', '21-873-4706', '25', '77 Kg', '5 ft 5 in', 2, 'B+', '2022-01-27', '2022-08-03'),
(6, 'pr-0006', 'Randal Connichie', '05-314-4269', '25', '65 Kg', '4 ft 5 in', 2, 'A+', '2022-02-10', '2022-11-16'),
(7, 'pr-0007', 'Rawley Ronci', '38-843-2781', '47', '90 Kg', '5 ft 6 in', 2, 'B+', '2022-02-01', '2022-10-17'),
(8, 'pr-0008', 'Etta Pember', '96-448-6980', '47', '90 Kg', '4 ft 5 in', 2, 'AB+', '2022-07-26', '2022-01-25'),
(9, 'pr-0009', 'Alina Fridaye', '94-275-9134', '11', '60 Kg', '5 ft 8 in', 1, 'O-', '2022-06-12', '2022-03-28'),
(10, 'pr-0010', 'Vale Pattisson', '28-808-2288', '43', '65 Kg', '5 ft 8 in', 1, 'O+', '2022-02-03', '2022-01-07'),
(11, 'pr-0011', 'Garvy Dyka', '55-748-8605', '25', '65 Kg', '4 ft 5 in', 2, 'B+', '2022-04-22', '2022-11-18'),
(12, 'pr-0012', 'Vasili Speir', '84-197-9053', '43', '77 Kg', '4 ft 5 in', 2, 'B-', '2022-03-22', '2022-03-16'),
(13, 'pr-0013', 'Emma Sancho', '76-742-6622', '10', '77 Kg', '5 ft 6 in', 1, 'AB-', '2022-03-03', '2022-11-18'),
(14, 'pr-0014', 'Hobie Hindhaugh', '74-174-8028', '20', '65 Kg', '5 ft 6 in', 1, 'A-', '2022-07-11', '2022-08-09'),
(15, 'pr-0015', 'Darren Dallaghan', '92-769-9215', '23', '77 Kg', '5 ft 8 in', 2, 'O-', '2022-01-30', '2022-03-03'),
(16, 'pr-0016', 'Sandra Jonk', '89-644-3192', '11', '60 Kg', '5 ft 8 in', 1, 'O+', '2022-05-10', '2022-03-07'),
(17, 'pr-0017', 'Blakeley Ofener', '46-081-4497', '20', '77 Kg', '5 ft 6 in', 1, 'AB+', '2022-08-28', '2022-12-24'),
(18, 'pr-0018', 'Curt Alywin', '80-129-7300', '20', '60 Kg', '5 ft 5 in', 1, 'AB+', '2022-02-18', '2022-01-04'),
(19, 'pr-0019', 'Chauncey O\'Curran', '53-699-2414', '20', '65 Kg', '5 ft 8 in', 2, 'AB-', '2022-03-19', '2022-11-17'),
(20, 'pr-0020', 'Minetta Garfit', '42-755-5857', '40', '90 Kg', '4 ft 5 in', 2, 'AB-', '2022-09-12', '2022-08-03'),
(21, 'pr-0021', 'Delinda Shackle', '49-932-2941', '47', '65 Kg', '5 ft 8 in', 1, 'B-', '2022-06-21', '2022-03-10'),
(22, 'pr-0022', 'Anthea Murie', '95-823-4686', '23', '65 Kg', '4 ft 5 in', 1, 'AB+', '2022-08-09', '2022-07-08'),
(23, 'pr-0023', 'Madlen Rigden', '38-226-0725', '10', '60 Kg', '4 ft 5 in', 2, 'B-', '2022-09-01', '2022-11-02'),
(24, 'pr-0024', 'Simonne Kluger', '71-070-8953', '43', '90 Kg', '5 ft 8 in', 1, 'O-', '2022-12-25', '2022-08-05'),
(25, 'pr-0025', 'Wynnie Braun', '07-851-1606', '10', '77 Kg', '5 ft 8 in', 1, 'O+', '2022-04-05', '2022-09-28'),
(26, 'pr-0026', 'Marijn Wastie', '24-271-1178', '23', '65 Kg', '5 ft 8 in', 2, 'AB+', '2022-10-19', '2022-02-16'),
(27, 'pr-0027', 'Nikolia Newns', '74-407-2720', '40', '65 Kg', '5 ft 5 in', 1, 'A+', '2022-04-07', '2022-03-08'),
(28, 'pr-0028', 'Conan Patshull', '82-482-0032', '25', '90 Kg', '4 ft 5 in', 2, 'A+', '2022-02-19', '2022-09-13'),
(29, 'pr-0029', 'Frants Scowcroft', '65-329-6291', '25', '60 Kg', '5 ft 6 in', 2, 'B+', '2022-09-20', '2022-05-24'),
(30, 'pr-0030', 'Darby Mewton', '88-257-0933', '11', '65 Kg', '4 ft 5 in', 1, 'B-', '2022-10-29', '2022-10-29'),
(31, 'pr-0031', 'Penny Harle', '17-213-9923', '40', '77 Kg', '5 ft 8 in', 1, 'B-', '2022-02-15', '2022-01-26'),
(32, 'pr-0032', 'Audi MacKaig', '17-033-5016', '47', '60 Kg', '5 ft 5 in', 2, 'AB+', '2022-10-01', '2022-11-20'),
(33, 'pr-0033', 'Ginger Morriarty', '68-246-3171', '10', '90 Kg', '5 ft 5 in', 1, 'B-', '2022-07-18', '2022-02-08'),
(34, 'pr-0034', 'Ketti Kaasmann', '88-309-3845', '40', '60 Kg', '5 ft 5 in', 1, 'O-', '2022-01-14', '2022-03-03'),
(35, 'pr-0035', 'Jonas Dunbobbin', '84-903-3623', '10', '60 Kg', '5 ft 8 in', 2, 'O+', '2022-08-23', '2022-01-31'),
(36, 'pr-0036', 'Giffer Bridle', '13-998-6387', '20', '77 Kg', '5 ft 8 in', 1, 'A+', '2022-01-07', '2022-11-05'),
(37, 'pr-0037', 'Sky Owens', '50-678-4876', '25', '77 Kg', '5 ft 8 in', 2, 'AB+', '2022-01-02', '2022-12-20'),
(38, 'pr-0038', 'Heall Duffitt', '60-958-0103', '40', '90 Kg', '5 ft 6 in', 1, 'AB+', '2022-02-03', '2022-02-16'),
(39, 'pr-0039', 'Kaila Jackett', '11-095-3943', '25', '90 Kg', '5 ft 8 in', 1, 'O-', '2022-07-17', '2022-01-13'),
(40, 'pr-0040', 'Doti Butting', '51-790-1215', '11', '60 Kg', '5 ft 8 in', 2, 'A+', '2022-05-19', '2022-01-03'),
(41, 'pr-0041', 'Simonette Eallis', '69-989-3110', '51', '65 Kg', '5 ft 5 in', 1, 'B-', '2022-01-23', '2022-04-21'),
(42, 'pr-0042', 'Ediva Gabriel', '87-402-4611', '20', '65 Kg', '5 ft 6 in', 1, 'B-', '2022-10-28', '2022-11-23'),
(43, 'pr-0043', 'Tonie Dovidaitis', '70-247-8591', '23', '90 Kg', '5 ft 8 in', 1, 'O+', '2022-11-14', '2022-04-17'),
(44, 'pr-0044', 'Yvon Sauven', '59-653-4202', '20', '65 Kg', '5 ft 8 in', 1, 'A-', '2022-01-22', '2022-07-30'),
(45, 'pr-0045', 'Sharona Durgan', '73-043-5369', '51', '90 Kg', '5 ft 6 in', 1, 'AB-', '2022-07-11', '2022-12-12'),
(46, 'pr-0046', 'Moishe Schruyers', '26-641-1170', '51', '60 Kg', '5 ft 6 in', 1, 'A-', '2022-09-21', '2022-09-22'),
(47, 'pr-0047', 'Kikelia Shillan', '83-817-4366', '47', '65 Kg', '5 ft 8 in', 1, 'B-', '2022-06-06', '2022-09-06'),
(48, 'pr-0048', 'Reidar Nollet', '13-066-8500', '23', '90 Kg', '5 ft 8 in', 2, 'B+', '2022-04-09', '2022-01-25'),
(49, 'pr-0049', 'Saba Roget', '37-255-4473', '25', '60 Kg', '5 ft 5 in', 2, 'A-', '2022-01-30', '2022-01-12'),
(50, 'pr-0050', 'Glori Garman', '21-714-1095', '40', '90 Kg', '5 ft 5 in', 1, 'O-', '2022-08-27', '2022-09-28');

-- --------------------------------------------------------

--
-- Table structure for table `payments`
--

CREATE TABLE `payments` (
  `id` int(11) NOT NULL,
  `treatment_id` int(11) NOT NULL,
  `invoice_code` longtext NOT NULL,
  `amount` varchar(255) NOT NULL,
  `service_id` int(11) NOT NULL,
  `created_at` date NOT NULL,
  `updated_at` date NOT NULL
) ENGINE=InnoDB DEFAULT CHARSET=utf8mb4;

--
-- Dumping data for table `payments`
--

INSERT INTO `payments` (`id`, `treatment_id`, `invoice_code`, `amount`, `service_id`, `created_at`, `updated_at`) VALUES
(1, 1, '#CMS202303011', '18294', 4, '2023-03-01', '2023-03-01'),
(2, 2, '#CMS202303012', '5999', 3, '2023-03-01', '2023-03-01'),
(3, 3, '#CMS202303013', '5591', 2, '2023-03-01', '2023-03-01'),
(4, 4, '#CMS202303014', '5800', 3, '2023-03-01', '2023-03-01'),
(5, 5, '#CMS202303015', '9488', 2, '2023-03-01', '2023-03-01'),
(6, 6, '#CMS202303016', '16896', 4, '2023-03-01', '2023-03-01'),
(7, 7, '#CMS202303017', '8990', 3, '2023-03-01', '2023-03-01'),
(8, 9, '#CMS202303019', '8741', 2, '2023-03-01', '2023-03-01'),
(9, 8, '#CMS202303018', '16741', 5, '2023-03-01', '2023-03-01'),
(10, 10, '#CMS2023030110', '17592', 4, '2023-03-01', '2023-03-01'),
(11, 11, '#CMS2023030111', '2996', 2, '2023-03-01', '2023-03-01'),
(12, 12, '#CMS2023030112', '3998', 2, '2023-03-01', '2023-03-01'),
(13, 13, '#CMS2023030113', '3998', 2, '2023-03-01', '2023-03-01'),
(14, 14, '#CMS2023030114', '7094', 2, '2023-03-01', '2023-03-01'),
(15, 15, '#CMS2023030115', '20094', 4, '2023-03-01', '2023-03-01'),
(16, 16, '#CMS2023030116', '18396', 4, '2023-03-01', '2023-03-01'),
(17, 19, '#CMS2023030119', '10396', 5, '2023-03-01', '2023-03-01'),
(18, 17, '#CMS2022062917', '10396', 5, '2023-03-01', '2023-03-01'),
(19, 18, '#CMS2022041618', '2396', 2, '2023-03-01', '2023-03-01'),
(20, 21, '#CMS2022090621', '11398', 5, '2023-03-01', '2023-03-01'),
(21, 20, '#CMS2022101820', '6398', 3, '2023-03-01', '2023-03-01'),
(22, 23, '#CMS2022092323', '16398', 4, '2023-03-01', '2023-03-01'),
(23, 22, '#CMS2022120822', '16398', 4, '2023-03-01', '2023-03-01'),
(24, 25, '#CMS2022051825', '17097', 4, '2023-03-01', '2023-03-01'),
(25, 24, '#CMS2022122624', '17097', 4, '2023-03-01', '2023-03-01'),
(26, 26, '#CMS2022011126', '11791', 5, '2023-03-01', '2023-03-01'),
(27, 28, '#CMS2022100328', '11896', 5, '2023-03-01', '2023-03-01'),
(28, 29, '#CMS2022010429', '3896', 2, '2023-03-01', '2023-03-01'),
(29, 27, '#CMS2022081227', '3896', 2, '2023-03-01', '2023-03-01'),
(30, 30, '#CMS2022061330', '13396', 5, '2023-03-01', '2023-03-01'),
(31, 31, '#CMS2022031131', '5396', 2, '2023-03-01', '2023-03-01'),
(32, 35, '#CMS2022020335', '8396', 3, '2023-03-01', '2023-03-01'),
(33, 33, '#CMS2022101433', '8396', 3, '2023-03-01', '2023-03-01'),
(34, 32, '#CMS2022082032', '8396', 3, '2023-03-01', '2023-03-01'),
(35, 34, '#CMS2022093034', '18396', 4, '2023-03-01', '2023-03-01'),
(36, 42, '#CMS2022091642', '12598', 5, '2023-03-01', '2023-03-01'),
(37, 43, '#CMS2022011843', '4598', 2, '2023-03-01', '2023-03-01'),
(38, 40, '#CMS2022062040', '4598', 2, '2023-03-01', '2023-03-01'),
(39, 36, '#CMS2022051336', '4598', 2, '2023-03-01', '2023-03-01'),
(40, 41, '#CMS2022010841', '7598', 3, '2023-03-01', '2023-03-01'),
(41, 39, '#CMS2022090739', '7598', 3, '2023-03-01', '2023-03-01'),
(42, 38, '#CMS2022120638', '7598', 3, '2023-03-01', '2023-03-01'),
(43, 37, '#CMS2022040237', '7598', 3, '2023-03-01', '2023-03-01'),
(44, 47, '#CMS2022120547', '14347', 5, '2023-03-01', '2023-03-01'),
(45, 46, '#CMS2022100446', '14347', 5, '2023-03-01', '2023-03-01'),
(46, 49, '#CMS2022081749', '6347', 2, '2023-03-01', '2023-03-01'),
(47, 45, '#CMS2022010245', '6347', 2, '2023-03-01', '2023-03-01'),
(48, 48, '#CMS2022071048', '9347', 3, '2023-03-01', '2023-03-01'),
(49, 44, '#CMS2022100244', '9347', 3, '2023-03-01', '2023-03-01'),
(50, 50, '#CMS2022061150', '11494', 5, '2023-03-01', '2023-03-01'),
(51, 55, '#CMS2022040455', '5438', 2, '2023-03-01', '2023-03-01'),
(52, 56, '#CMS2022071256', '8438', 3, '2023-03-01', '2023-03-01'),
(53, 54, '#CMS2022060954', '18438', 4, '2023-03-01', '2023-03-01'),
(54, 53, '#CMS2022032453', '18438', 4, '2023-03-01', '2023-03-01'),
(55, 52, '#CMS2022122752', '18438', 4, '2023-03-01', '2023-03-01'),
(56, 51, '#CMS2022102851', '18438', 4, '2023-03-01', '2023-03-01'),
(57, 60, '#CMS2022110860', '14491', 5, '2023-03-01', '2023-03-01'),
(58, 64, '#CMS2022120564', '6491', 2, '2023-03-01', '2023-03-01'),
(59, 65, '#CMS2022031865', '9491', 3, '2023-03-01', '2023-03-01'),
(60, 62, '#CMS2022022262', '9491', 3, '2023-03-01', '2023-03-01'),
(61, 59, '#CMS2022093059', '9491', 3, '2023-03-01', '2023-03-01'),
(62, 57, '#CMS2022021957', '9491', 3, '2023-03-01', '2023-03-01'),
(63, 63, '#CMS2022121263', '19491', 4, '2023-03-01', '2023-03-01'),
(64, 61, '#CMS2022060561', '19491', 4, '2023-03-01', '2023-03-01'),
(65, 58, '#CMS2022072458', '19491', 4, '2023-03-01', '2023-03-01'),
(66, 69, '#CMS2022032369', '14041', 5, '2023-03-01', '2023-03-01'),
(67, 70, '#CMS2022122070', '9041', 3, '2023-03-01', '2023-03-01'),
(68, 68, '#CMS2022062168', '9041', 3, '2023-03-01', '2023-03-01'),
(69, 67, '#CMS2022122067', '9041', 3, '2023-03-01', '2023-03-01'),
(70, 66, '#CMS2022102866', '9041', 3, '2023-03-01', '2023-03-01'),
(71, 75, '#CMS2022062075', '8498', 3, '2023-03-01', '2023-03-01'),
(72, 74, '#CMS2022112774', '18498', 4, '2023-03-01', '2023-03-01'),
(73, 73, '#CMS2022071573', '18498', 4, '2023-03-01', '2023-03-01'),
(74, 72, '#CMS2022010372', '18498', 4, '2023-03-01', '2023-03-01'),
(75, 71, '#CMS2022092771', '18498', 4, '2023-03-01', '2023-03-01'),
(76, 78, '#CMS2022092278', '12997', 5, '2023-03-01', '2023-03-01'),
(77, 77, '#CMS2022090477', '7997', 3, '2023-03-01', '2023-03-01'),
(78, 76, '#CMS2022011676', '17997', 4, '2023-03-01', '2023-03-01'),
(79, 82, '#CMS2022062582', '8147', 2, '2023-03-01', '2023-03-01'),
(80, 81, '#CMS2022052881', '8147', 2, '2023-03-01', '2023-03-01'),
(81, 79, '#CMS2022090879', '8147', 2, '2023-03-01', '2023-03-01'),
(82, 83, '#CMS2022011883', '11147', 3, '2023-03-01', '2023-03-01'),
(83, 84, '#CMS2022041784', '21147', 4, '2023-03-01', '2023-03-01'),
(84, 80, '#CMS2022062780', '21147', 4, '2023-03-01', '2023-03-01'),
(85, 85, '#CMS2022040385', '32000', 3, '2023-03-01', '2023-03-01'),
(86, 87, '#CMS2022101087', '2198', 2, '2023-03-02', '2023-03-02'),
(87, 86, '#CMS2022090286', '2198', 2, '2023-03-02', '2023-03-02'),
(88, 89, '#CMS2022011589', '15198', 4, '2023-03-02', '2023-03-02'),
(89, 88, '#CMS2022020888', '15198', 4, '2023-03-02', '2023-03-02'),
(90, 94, '#CMS2022032494', '12994', 5, '2023-03-02', '2023-03-02'),
(91, 90, '#CMS2022051690', '4994', 2, '2023-03-02', '2023-03-02'),
(92, 95, '#CMS2022100695', '7994', 3, '2023-03-02', '2023-03-02'),
(93, 93, '#CMS2022030793', '17994', 4, '2023-03-02', '2023-03-02'),
(94, 92, '#CMS2022042092', '17994', 4, '2023-03-02', '2023-03-02'),
(95, 91, '#CMS2022101491', '17994', 4, '2023-03-02', '2023-03-02'),
(96, 98, '#CMS2022052598', '12898', 5, '2023-03-02', '2023-03-02'),
(97, 99, '#CMS2022073199', '4898', 2, '2023-03-02', '2023-03-02'),
(98, 97, '#CMS2022010197', '4898', 2, '2023-03-02', '2023-03-02'),
(99, 96, '#CMS2022120296', '7898', 3, '2023-03-02', '2023-03-02'),
(100, 103, '#CMS20221014103', '4496', 2, '2023-03-02', '2023-03-02'),
(101, 100, '#CMS20220111100', '4496', 2, '2023-03-02', '2023-03-02'),
(102, 106, '#CMS20220215106', '7496', 3, '2023-03-02', '2023-03-02'),
(103, 105, '#CMS20220604105', '7496', 3, '2023-03-02', '2023-03-02'),
(104, 102, '#CMS20220213102', '7496', 3, '2023-03-02', '2023-03-02'),
(105, 101, '#CMS20220220101', '7496', 3, '2023-03-02', '2023-03-02'),
(106, 107, '#CMS20220912107', '17496', 4, '2023-03-02', '2023-03-02'),
(107, 104, '#CMS20220816104', '17496', 4, '2023-03-02', '2023-03-02'),
(108, 111, '#CMS20220922111', '11500', 5, '2023-03-02', '2023-03-02'),
(109, 109, '#CMS20220120109', '6500', 3, '2023-03-02', '2023-03-02'),
(110, 108, '#CMS20220702108', '6500', 3, '2023-03-02', '2023-03-02'),
(111, 110, '#CMS20220806110', '16500', 4, '2023-03-02', '2023-03-02'),
(112, 112, '#CMS20220224112', '11194', 5, '2023-03-02', '2023-03-02'),
(113, 113, '#CMS20220712113', '15600', 4, '2023-03-02', '2023-03-02'),
(114, 116, '#CMS20220726116', '4598', 2, '2023-03-02', '2023-03-02'),
(115, 115, '#CMS20220402115', '4598', 2, '2023-03-02', '2023-03-02'),
(116, 114, '#CMS20220712114', '17598', 4, '2023-03-02', '2023-03-02'),
(117, 118, '#CMS20220204118', '2600', 2, '2023-03-02', '2023-03-02'),
(118, 117, '#CMS20221106117', '2600', 2, '2023-03-02', '2023-03-02'),
(119, 119, '#CMS20230302119', '5900', 3, '2023-03-02', '2023-03-02'),
(120, 120, '#CMS20230302120', '5198', 3, '2023-03-02', '2023-03-02');

-- --------------------------------------------------------

--
-- Table structure for table `prescriptions`
--

CREATE TABLE `prescriptions` (
  `id` int(11) NOT NULL,
  `medicine_id` int(11) DEFAULT NULL,
  `treatment_id` int(11) DEFAULT NULL,
  `unit` varchar(255) DEFAULT NULL,
  `created_at` date DEFAULT NULL,
  `updated_at` date DEFAULT NULL
) ENGINE=InnoDB DEFAULT CHARSET=utf8mb4;

-- --------------------------------------------------------

--
-- Table structure for table `roles`
--

CREATE TABLE `roles` (
  `id` int(11) NOT NULL,
  `role` varchar(255) NOT NULL,
  `created_at` date NOT NULL,
  `updated_at` date NOT NULL
) ENGINE=InnoDB DEFAULT CHARSET=utf8mb4;

--
-- Dumping data for table `roles`
--

INSERT INTO `roles` (`id`, `role`, `created_at`, `updated_at`) VALUES
(1, 'admin', '2023-01-24', '2023-01-24'),
(2, 'doctor', '2023-01-24', '2023-01-24'),
(3, 'reception', '2023-01-24', '2023-01-24');

-- --------------------------------------------------------

--
-- Table structure for table `schedules`
--

CREATE TABLE `schedules` (
  `id` int(11) NOT NULL,
  `user_id` int(11) DEFAULT NULL,
  `shift_day` date DEFAULT NULL,
  `shift_start` time DEFAULT NULL,
  `shift_end` time DEFAULT NULL,
  `created_at` date DEFAULT NULL,
  `updated_at` date DEFAULT NULL
) ENGINE=InnoDB DEFAULT CHARSET=utf8mb4;

--
-- Dumping data for table `schedules`
--

INSERT INTO `schedules` (`id`, `user_id`, `shift_day`, `shift_start`, `shift_end`, `created_at`, `updated_at`) VALUES
(1, 16, '2022-01-03', '09:00:00', '11:00:00', '2023-03-01', '2023-03-01'),
(2, 16, '2022-01-10', '09:00:00', '11:00:00', '2023-03-01', '2023-03-01'),
(3, 16, '2022-01-17', '09:00:00', '11:00:00', '2023-03-01', '2023-03-01'),
(4, 16, '2022-01-24', '09:00:00', '11:00:00', '2023-03-01', '2023-03-01'),
(5, 16, '2022-01-31', '09:00:00', '11:00:00', '2023-03-01', '2023-03-01'),
(6, 16, '2022-02-07', '09:00:00', '11:00:00', '2023-03-01', '2023-03-01'),
(7, 16, '2022-02-14', '09:00:00', '11:00:00', '2023-03-01', '2023-03-01'),
(8, 16, '2022-02-21', '09:00:00', '11:00:00', '2023-03-01', '2023-03-01'),
(9, 16, '2022-02-28', '09:00:00', '11:00:00', '2023-03-01', '2023-03-01'),
(10, 16, '2022-03-07', '09:00:00', '11:00:00', '2023-03-01', '2023-03-01'),
(11, 16, '2022-03-14', '09:00:00', '11:00:00', '2023-03-01', '2023-03-01'),
(12, 16, '2022-03-21', '09:00:00', '11:00:00', '2023-03-01', '2023-03-01'),
(13, 16, '2022-03-28', '09:00:00', '11:00:00', '2023-03-01', '2023-03-01'),
(14, 16, '2022-04-04', '09:00:00', '11:00:00', '2023-03-01', '2023-03-01'),
(15, 16, '2022-04-11', '09:00:00', '11:00:00', '2023-03-01', '2023-03-01'),
(16, 16, '2022-04-18', '09:00:00', '11:00:00', '2023-03-01', '2023-03-01'),
(17, 16, '2022-04-25', '09:00:00', '11:00:00', '2023-03-01', '2023-03-01'),
(18, 16, '2022-05-02', '09:00:00', '11:00:00', '2023-03-01', '2023-03-01'),
(19, 16, '2022-05-09', '09:00:00', '11:00:00', '2023-03-01', '2023-03-01'),
(20, 16, '2022-05-16', '09:00:00', '11:00:00', '2023-03-01', '2023-03-01'),
(21, 16, '2022-05-23', '09:00:00', '11:00:00', '2023-03-01', '2023-03-01'),
(22, 16, '2022-05-30', '09:00:00', '11:00:00', '2023-03-01', '2023-03-01'),
(23, 16, '2022-06-06', '09:00:00', '11:00:00', '2023-03-01', '2023-03-01'),
(24, 16, '2022-06-13', '09:00:00', '11:00:00', '2023-03-01', '2023-03-01'),
(25, 16, '2022-06-20', '09:00:00', '11:00:00', '2023-03-01', '2023-03-01'),
(26, 16, '2022-06-27', '09:00:00', '11:00:00', '2023-03-01', '2023-03-01'),
(27, 16, '2022-07-04', '09:00:00', '11:00:00', '2023-03-01', '2023-03-01'),
(28, 16, '2022-07-11', '09:00:00', '11:00:00', '2023-03-01', '2023-03-01'),
(29, 16, '2022-07-18', '09:00:00', '11:00:00', '2023-03-01', '2023-03-01'),
(30, 16, '2022-07-25', '09:00:00', '11:00:00', '2023-03-01', '2023-03-01'),
(31, 16, '2022-08-01', '09:00:00', '11:00:00', '2023-03-01', '2023-03-01'),
(32, 16, '2022-08-08', '09:00:00', '11:00:00', '2023-03-01', '2023-03-01'),
(33, 16, '2022-08-15', '09:00:00', '11:00:00', '2023-03-01', '2023-03-01'),
(34, 16, '2022-08-22', '09:00:00', '11:00:00', '2023-03-01', '2023-03-01'),
(35, 16, '2022-08-29', '09:00:00', '11:00:00', '2023-03-01', '2023-03-01'),
(36, 16, '2022-09-05', '09:00:00', '11:00:00', '2023-03-01', '2023-03-01'),
(37, 16, '2022-09-12', '09:00:00', '11:00:00', '2023-03-01', '2023-03-01'),
(38, 16, '2022-09-19', '09:00:00', '11:00:00', '2023-03-01', '2023-03-01'),
(39, 16, '2022-09-26', '09:00:00', '11:00:00', '2023-03-01', '2023-03-01'),
(40, 16, '2022-10-03', '09:00:00', '11:00:00', '2023-03-01', '2023-03-01'),
(41, 16, '2022-10-10', '09:00:00', '11:00:00', '2023-03-01', '2023-03-01'),
(42, 16, '2022-10-17', '09:00:00', '11:00:00', '2023-03-01', '2023-03-01'),
(43, 16, '2022-10-24', '09:00:00', '11:00:00', '2023-03-01', '2023-03-01'),
(44, 16, '2022-10-31', '09:00:00', '11:00:00', '2023-03-01', '2023-03-01'),
(45, 16, '2022-11-07', '09:00:00', '11:00:00', '2023-03-01', '2023-03-01'),
(46, 16, '2022-11-14', '09:00:00', '11:00:00', '2023-03-01', '2023-03-01'),
(47, 16, '2022-11-21', '09:00:00', '11:00:00', '2023-03-01', '2023-03-01'),
(48, 16, '2022-11-28', '09:00:00', '11:00:00', '2023-03-01', '2023-03-01'),
(49, 16, '2022-12-05', '09:00:00', '11:00:00', '2023-03-01', '2023-03-01'),
(50, 16, '2022-12-12', '09:00:00', '11:00:00', '2023-03-01', '2023-03-01'),
(51, 16, '2022-12-19', '09:00:00', '11:00:00', '2023-03-01', '2023-03-01'),
(52, 16, '2022-12-26', '09:00:00', '11:00:00', '2023-03-01', '2023-03-01'),
(53, 17, '2022-01-03', '13:00:00', '15:00:00', '2023-03-01', '2023-03-01'),
(54, 17, '2022-01-10', '13:00:00', '15:00:00', '2023-03-01', '2023-03-01'),
(55, 17, '2022-01-17', '13:00:00', '15:00:00', '2023-03-01', '2023-03-01'),
(56, 17, '2022-01-24', '13:00:00', '15:00:00', '2023-03-01', '2023-03-01'),
(57, 17, '2022-01-31', '13:00:00', '15:00:00', '2023-03-01', '2023-03-01'),
(58, 17, '2022-02-07', '13:00:00', '15:00:00', '2023-03-01', '2023-03-01'),
(59, 17, '2022-02-14', '13:00:00', '15:00:00', '2023-03-01', '2023-03-01'),
(60, 17, '2022-02-21', '13:00:00', '15:00:00', '2023-03-01', '2023-03-01'),
(61, 17, '2022-02-28', '13:00:00', '15:00:00', '2023-03-01', '2023-03-01'),
(62, 17, '2022-03-07', '13:00:00', '15:00:00', '2023-03-01', '2023-03-01'),
(63, 17, '2022-03-14', '13:00:00', '15:00:00', '2023-03-01', '2023-03-01'),
(64, 17, '2022-03-21', '13:00:00', '15:00:00', '2023-03-01', '2023-03-01'),
(65, 17, '2022-03-28', '13:00:00', '15:00:00', '2023-03-01', '2023-03-01'),
(66, 17, '2022-04-04', '13:00:00', '15:00:00', '2023-03-01', '2023-03-01'),
(67, 17, '2022-04-11', '13:00:00', '15:00:00', '2023-03-01', '2023-03-01'),
(68, 17, '2022-04-18', '13:00:00', '15:00:00', '2023-03-01', '2023-03-01'),
(69, 17, '2022-04-25', '13:00:00', '15:00:00', '2023-03-01', '2023-03-01'),
(70, 17, '2022-05-02', '13:00:00', '15:00:00', '2023-03-01', '2023-03-01'),
(71, 17, '2022-05-09', '13:00:00', '15:00:00', '2023-03-01', '2023-03-01'),
(72, 17, '2022-05-16', '13:00:00', '15:00:00', '2023-03-01', '2023-03-01'),
(73, 17, '2022-05-23', '13:00:00', '15:00:00', '2023-03-01', '2023-03-01'),
(74, 17, '2022-05-30', '13:00:00', '15:00:00', '2023-03-01', '2023-03-01'),
(75, 17, '2022-06-06', '13:00:00', '15:00:00', '2023-03-01', '2023-03-01'),
(76, 17, '2022-06-13', '13:00:00', '15:00:00', '2023-03-01', '2023-03-01'),
(77, 17, '2022-06-20', '13:00:00', '15:00:00', '2023-03-01', '2023-03-01'),
(78, 17, '2022-06-27', '13:00:00', '15:00:00', '2023-03-01', '2023-03-01'),
(79, 17, '2022-07-04', '13:00:00', '15:00:00', '2023-03-01', '2023-03-01'),
(80, 17, '2022-07-11', '13:00:00', '15:00:00', '2023-03-01', '2023-03-01'),
(81, 17, '2022-07-18', '13:00:00', '15:00:00', '2023-03-01', '2023-03-01'),
(82, 17, '2022-07-25', '13:00:00', '15:00:00', '2023-03-01', '2023-03-01'),
(83, 17, '2022-08-01', '13:00:00', '15:00:00', '2023-03-01', '2023-03-01'),
(84, 17, '2022-08-08', '13:00:00', '15:00:00', '2023-03-01', '2023-03-01'),
(85, 17, '2022-08-15', '13:00:00', '15:00:00', '2023-03-01', '2023-03-01'),
(86, 17, '2022-08-22', '13:00:00', '15:00:00', '2023-03-01', '2023-03-01'),
(87, 17, '2022-08-29', '13:00:00', '15:00:00', '2023-03-01', '2023-03-01'),
(88, 17, '2022-09-05', '13:00:00', '15:00:00', '2023-03-01', '2023-03-01'),
(89, 17, '2022-09-12', '13:00:00', '15:00:00', '2023-03-01', '2023-03-01'),
(90, 17, '2022-09-19', '13:00:00', '15:00:00', '2023-03-01', '2023-03-01'),
(91, 17, '2022-09-26', '13:00:00', '15:00:00', '2023-03-01', '2023-03-01'),
(92, 17, '2022-10-03', '13:00:00', '15:00:00', '2023-03-01', '2023-03-01'),
(93, 17, '2022-10-10', '13:00:00', '15:00:00', '2023-03-01', '2023-03-01'),
(94, 17, '2022-10-17', '13:00:00', '15:00:00', '2023-03-01', '2023-03-01'),
(95, 17, '2022-10-24', '13:00:00', '15:00:00', '2023-03-01', '2023-03-01'),
(96, 17, '2022-10-31', '13:00:00', '15:00:00', '2023-03-01', '2023-03-01'),
(97, 17, '2022-11-07', '13:00:00', '15:00:00', '2023-03-01', '2023-03-01'),
(98, 17, '2022-11-14', '13:00:00', '15:00:00', '2023-03-01', '2023-03-01'),
(99, 17, '2022-11-21', '13:00:00', '15:00:00', '2023-03-01', '2023-03-01'),
(100, 17, '2022-11-28', '13:00:00', '15:00:00', '2023-03-01', '2023-03-01'),
(101, 17, '2022-12-05', '13:00:00', '15:00:00', '2023-03-01', '2023-03-01'),
(102, 17, '2022-12-12', '13:00:00', '15:00:00', '2023-03-01', '2023-03-01'),
(103, 17, '2022-12-19', '13:00:00', '15:00:00', '2023-03-01', '2023-03-01'),
(104, 17, '2022-12-26', '13:00:00', '15:00:00', '2023-03-01', '2023-03-01'),
(105, 18, '2022-01-04', '09:00:00', '11:00:00', '2023-03-01', '2023-03-01'),
(106, 18, '2022-01-11', '09:00:00', '11:00:00', '2023-03-01', '2023-03-01'),
(107, 18, '2022-01-18', '09:00:00', '11:00:00', '2023-03-01', '2023-03-01'),
(108, 18, '2022-01-25', '09:00:00', '11:00:00', '2023-03-01', '2023-03-01'),
(109, 18, '2022-02-01', '09:00:00', '11:00:00', '2023-03-01', '2023-03-01'),
(110, 18, '2022-02-08', '09:00:00', '11:00:00', '2023-03-01', '2023-03-01'),
(111, 18, '2022-02-15', '09:00:00', '11:00:00', '2023-03-01', '2023-03-01'),
(112, 18, '2022-02-22', '09:00:00', '11:00:00', '2023-03-01', '2023-03-01'),
(113, 18, '2022-03-01', '09:00:00', '11:00:00', '2023-03-01', '2023-03-01'),
(114, 18, '2022-03-08', '09:00:00', '11:00:00', '2023-03-01', '2023-03-01'),
(115, 18, '2022-03-15', '09:00:00', '11:00:00', '2023-03-01', '2023-03-01'),
(116, 18, '2022-03-22', '09:00:00', '11:00:00', '2023-03-01', '2023-03-01'),
(117, 18, '2022-03-29', '09:00:00', '11:00:00', '2023-03-01', '2023-03-01'),
(118, 18, '2022-04-05', '09:00:00', '11:00:00', '2023-03-01', '2023-03-01'),
(119, 18, '2022-04-12', '09:00:00', '11:00:00', '2023-03-01', '2023-03-01'),
(120, 18, '2022-04-19', '09:00:00', '11:00:00', '2023-03-01', '2023-03-01'),
(121, 18, '2022-04-26', '09:00:00', '11:00:00', '2023-03-01', '2023-03-01'),
(122, 18, '2022-05-03', '09:00:00', '11:00:00', '2023-03-01', '2023-03-01'),
(123, 18, '2022-05-10', '09:00:00', '11:00:00', '2023-03-01', '2023-03-01'),
(124, 18, '2022-05-17', '09:00:00', '11:00:00', '2023-03-01', '2023-03-01'),
(125, 18, '2022-05-24', '09:00:00', '11:00:00', '2023-03-01', '2023-03-01'),
(126, 18, '2022-05-31', '09:00:00', '11:00:00', '2023-03-01', '2023-03-01'),
(127, 18, '2022-06-07', '09:00:00', '11:00:00', '2023-03-01', '2023-03-01'),
(128, 18, '2022-06-14', '09:00:00', '11:00:00', '2023-03-01', '2023-03-01'),
(129, 18, '2022-06-21', '09:00:00', '11:00:00', '2023-03-01', '2023-03-01'),
(130, 18, '2022-06-28', '09:00:00', '11:00:00', '2023-03-01', '2023-03-01'),
(131, 18, '2022-07-05', '09:00:00', '11:00:00', '2023-03-01', '2023-03-01'),
(132, 18, '2022-07-12', '09:00:00', '11:00:00', '2023-03-01', '2023-03-01'),
(133, 18, '2022-07-19', '09:00:00', '11:00:00', '2023-03-01', '2023-03-01'),
(134, 18, '2022-07-26', '09:00:00', '11:00:00', '2023-03-01', '2023-03-01'),
(135, 18, '2022-08-02', '09:00:00', '11:00:00', '2023-03-01', '2023-03-01'),
(136, 18, '2022-08-09', '09:00:00', '11:00:00', '2023-03-01', '2023-03-01'),
(137, 18, '2022-08-16', '09:00:00', '11:00:00', '2023-03-01', '2023-03-01'),
(138, 18, '2022-08-23', '09:00:00', '11:00:00', '2023-03-01', '2023-03-01'),
(139, 18, '2022-08-30', '09:00:00', '11:00:00', '2023-03-01', '2023-03-01'),
(140, 18, '2022-09-06', '09:00:00', '11:00:00', '2023-03-01', '2023-03-01'),
(141, 18, '2022-09-13', '09:00:00', '11:00:00', '2023-03-01', '2023-03-01'),
(142, 18, '2022-09-20', '09:00:00', '11:00:00', '2023-03-01', '2023-03-01'),
(143, 18, '2022-09-27', '09:00:00', '11:00:00', '2023-03-01', '2023-03-01'),
(144, 18, '2022-10-04', '09:00:00', '11:00:00', '2023-03-01', '2023-03-01'),
(145, 18, '2022-10-11', '09:00:00', '11:00:00', '2023-03-01', '2023-03-01'),
(146, 18, '2022-10-18', '09:00:00', '11:00:00', '2023-03-01', '2023-03-01'),
(147, 18, '2022-10-25', '09:00:00', '11:00:00', '2023-03-01', '2023-03-01'),
(148, 18, '2022-11-01', '09:00:00', '11:00:00', '2023-03-01', '2023-03-01'),
(149, 18, '2022-11-08', '09:00:00', '11:00:00', '2023-03-01', '2023-03-01'),
(150, 18, '2022-11-15', '09:00:00', '11:00:00', '2023-03-01', '2023-03-01'),
(151, 18, '2022-11-22', '09:00:00', '11:00:00', '2023-03-01', '2023-03-01'),
(152, 18, '2022-11-29', '09:00:00', '11:00:00', '2023-03-01', '2023-03-01'),
(153, 18, '2022-12-06', '09:00:00', '11:00:00', '2023-03-01', '2023-03-01'),
(154, 18, '2022-12-13', '09:00:00', '11:00:00', '2023-03-01', '2023-03-01'),
(155, 18, '2022-12-20', '09:00:00', '11:00:00', '2023-03-01', '2023-03-01'),
(156, 18, '2022-12-27', '09:00:00', '11:00:00', '2023-03-01', '2023-03-01'),
(157, 19, '2022-01-04', '13:00:00', '15:00:00', '2023-03-01', '2023-03-01'),
(158, 19, '2022-01-11', '13:00:00', '15:00:00', '2023-03-01', '2023-03-01'),
(159, 19, '2022-01-18', '13:00:00', '15:00:00', '2023-03-01', '2023-03-01'),
(160, 19, '2022-01-25', '13:00:00', '15:00:00', '2023-03-01', '2023-03-01'),
(161, 19, '2022-02-01', '13:00:00', '15:00:00', '2023-03-01', '2023-03-01'),
(162, 19, '2022-02-08', '13:00:00', '15:00:00', '2023-03-01', '2023-03-01'),
(163, 19, '2022-02-15', '13:00:00', '15:00:00', '2023-03-01', '2023-03-01'),
(164, 19, '2022-02-22', '13:00:00', '15:00:00', '2023-03-01', '2023-03-01'),
(165, 19, '2022-03-01', '13:00:00', '15:00:00', '2023-03-01', '2023-03-01'),
(166, 19, '2022-03-08', '13:00:00', '15:00:00', '2023-03-01', '2023-03-01'),
(167, 19, '2022-03-15', '13:00:00', '15:00:00', '2023-03-01', '2023-03-01'),
(168, 19, '2022-03-22', '13:00:00', '15:00:00', '2023-03-01', '2023-03-01'),
(169, 19, '2022-03-29', '13:00:00', '15:00:00', '2023-03-01', '2023-03-01'),
(170, 19, '2022-04-05', '13:00:00', '15:00:00', '2023-03-01', '2023-03-01'),
(171, 19, '2022-04-12', '13:00:00', '15:00:00', '2023-03-01', '2023-03-01'),
(172, 19, '2022-04-19', '13:00:00', '15:00:00', '2023-03-01', '2023-03-01'),
(173, 19, '2022-04-26', '13:00:00', '15:00:00', '2023-03-01', '2023-03-01'),
(174, 19, '2022-05-03', '13:00:00', '15:00:00', '2023-03-01', '2023-03-01'),
(175, 19, '2022-05-10', '13:00:00', '15:00:00', '2023-03-01', '2023-03-01'),
(176, 19, '2022-05-17', '13:00:00', '15:00:00', '2023-03-01', '2023-03-01'),
(177, 19, '2022-05-24', '13:00:00', '15:00:00', '2023-03-01', '2023-03-01'),
(178, 19, '2022-05-31', '13:00:00', '15:00:00', '2023-03-01', '2023-03-01'),
(179, 19, '2022-06-07', '13:00:00', '15:00:00', '2023-03-01', '2023-03-01'),
(180, 19, '2022-06-14', '13:00:00', '15:00:00', '2023-03-01', '2023-03-01'),
(181, 19, '2022-06-21', '13:00:00', '15:00:00', '2023-03-01', '2023-03-01'),
(182, 19, '2022-06-28', '13:00:00', '15:00:00', '2023-03-01', '2023-03-01'),
(183, 19, '2022-07-05', '13:00:00', '15:00:00', '2023-03-01', '2023-03-01'),
(184, 19, '2022-07-12', '13:00:00', '15:00:00', '2023-03-01', '2023-03-01'),
(185, 19, '2022-07-19', '13:00:00', '15:00:00', '2023-03-01', '2023-03-01'),
(186, 19, '2022-07-26', '13:00:00', '15:00:00', '2023-03-01', '2023-03-01'),
(187, 19, '2022-08-02', '13:00:00', '15:00:00', '2023-03-01', '2023-03-01'),
(188, 19, '2022-08-09', '13:00:00', '15:00:00', '2023-03-01', '2023-03-01'),
(189, 19, '2022-08-16', '13:00:00', '15:00:00', '2023-03-01', '2023-03-01'),
(190, 19, '2022-08-23', '13:00:00', '15:00:00', '2023-03-01', '2023-03-01'),
(191, 19, '2022-08-30', '13:00:00', '15:00:00', '2023-03-01', '2023-03-01'),
(192, 19, '2022-09-06', '13:00:00', '15:00:00', '2023-03-01', '2023-03-01'),
(193, 19, '2022-09-13', '13:00:00', '15:00:00', '2023-03-01', '2023-03-01'),
(194, 19, '2022-09-20', '13:00:00', '15:00:00', '2023-03-01', '2023-03-01'),
(195, 19, '2022-09-27', '13:00:00', '15:00:00', '2023-03-01', '2023-03-01'),
(196, 19, '2022-10-04', '13:00:00', '15:00:00', '2023-03-01', '2023-03-01'),
(197, 19, '2022-10-11', '13:00:00', '15:00:00', '2023-03-01', '2023-03-01'),
(198, 19, '2022-10-18', '13:00:00', '15:00:00', '2023-03-01', '2023-03-01'),
(199, 19, '2022-10-25', '13:00:00', '15:00:00', '2023-03-01', '2023-03-01'),
(200, 19, '2022-11-01', '13:00:00', '15:00:00', '2023-03-01', '2023-03-01'),
(201, 19, '2022-11-08', '13:00:00', '15:00:00', '2023-03-01', '2023-03-01'),
(202, 19, '2022-11-15', '13:00:00', '15:00:00', '2023-03-01', '2023-03-01'),
(203, 19, '2022-11-22', '13:00:00', '15:00:00', '2023-03-01', '2023-03-01'),
(204, 19, '2022-11-29', '13:00:00', '15:00:00', '2023-03-01', '2023-03-01'),
(205, 19, '2022-12-06', '13:00:00', '15:00:00', '2023-03-01', '2023-03-01'),
(206, 19, '2022-12-13', '13:00:00', '15:00:00', '2023-03-01', '2023-03-01'),
(207, 19, '2022-12-20', '13:00:00', '15:00:00', '2023-03-01', '2023-03-01'),
(208, 19, '2022-12-27', '13:00:00', '15:00:00', '2023-03-01', '2023-03-01'),
(209, 16, '2022-01-05', '09:00:00', '11:00:00', '2023-03-01', '2023-03-01'),
(210, 16, '2022-01-12', '09:00:00', '11:00:00', '2023-03-01', '2023-03-01'),
(211, 16, '2022-01-19', '09:00:00', '11:00:00', '2023-03-01', '2023-03-01'),
(212, 16, '2022-01-26', '09:00:00', '11:00:00', '2023-03-01', '2023-03-01'),
(213, 16, '2022-02-02', '09:00:00', '11:00:00', '2023-03-01', '2023-03-01'),
(214, 16, '2022-02-09', '09:00:00', '11:00:00', '2023-03-01', '2023-03-01'),
(215, 16, '2022-02-16', '09:00:00', '11:00:00', '2023-03-01', '2023-03-01'),
(216, 16, '2022-02-23', '09:00:00', '11:00:00', '2023-03-01', '2023-03-01'),
(217, 16, '2022-03-02', '09:00:00', '11:00:00', '2023-03-01', '2023-03-01'),
(218, 16, '2022-03-09', '09:00:00', '11:00:00', '2023-03-01', '2023-03-01'),
(219, 16, '2022-03-16', '09:00:00', '11:00:00', '2023-03-01', '2023-03-01'),
(220, 16, '2022-03-23', '09:00:00', '11:00:00', '2023-03-01', '2023-03-01'),
(221, 16, '2022-03-30', '09:00:00', '11:00:00', '2023-03-01', '2023-03-01'),
(222, 16, '2022-04-06', '09:00:00', '11:00:00', '2023-03-01', '2023-03-01'),
(223, 16, '2022-04-13', '09:00:00', '11:00:00', '2023-03-01', '2023-03-01'),
(224, 16, '2022-04-20', '09:00:00', '11:00:00', '2023-03-01', '2023-03-01'),
(225, 16, '2022-04-27', '09:00:00', '11:00:00', '2023-03-01', '2023-03-01'),
(226, 16, '2022-05-04', '09:00:00', '11:00:00', '2023-03-01', '2023-03-01'),
(227, 16, '2022-05-11', '09:00:00', '11:00:00', '2023-03-01', '2023-03-01'),
(228, 16, '2022-05-18', '09:00:00', '11:00:00', '2023-03-01', '2023-03-01'),
(229, 16, '2022-05-25', '09:00:00', '11:00:00', '2023-03-01', '2023-03-01'),
(230, 16, '2022-06-01', '09:00:00', '11:00:00', '2023-03-01', '2023-03-01'),
(231, 16, '2022-06-08', '09:00:00', '11:00:00', '2023-03-01', '2023-03-01'),
(232, 16, '2022-06-15', '09:00:00', '11:00:00', '2023-03-01', '2023-03-01'),
(233, 16, '2022-06-22', '09:00:00', '11:00:00', '2023-03-01', '2023-03-01'),
(234, 16, '2022-06-29', '09:00:00', '11:00:00', '2023-03-01', '2023-03-01'),
(235, 16, '2022-07-06', '09:00:00', '11:00:00', '2023-03-01', '2023-03-01'),
(236, 16, '2022-07-13', '09:00:00', '11:00:00', '2023-03-01', '2023-03-01'),
(237, 16, '2022-07-20', '09:00:00', '11:00:00', '2023-03-01', '2023-03-01'),
(238, 16, '2022-07-27', '09:00:00', '11:00:00', '2023-03-01', '2023-03-01'),
(239, 16, '2022-08-03', '09:00:00', '11:00:00', '2023-03-01', '2023-03-01'),
(240, 16, '2022-08-10', '09:00:00', '11:00:00', '2023-03-01', '2023-03-01'),
(241, 16, '2022-08-17', '09:00:00', '11:00:00', '2023-03-01', '2023-03-01'),
(242, 16, '2022-08-24', '09:00:00', '11:00:00', '2023-03-01', '2023-03-01'),
(243, 16, '2022-08-31', '09:00:00', '11:00:00', '2023-03-01', '2023-03-01'),
(244, 16, '2022-09-07', '09:00:00', '11:00:00', '2023-03-01', '2023-03-01'),
(245, 16, '2022-09-14', '09:00:00', '11:00:00', '2023-03-01', '2023-03-01'),
(246, 16, '2022-09-21', '09:00:00', '11:00:00', '2023-03-01', '2023-03-01'),
(247, 16, '2022-09-28', '09:00:00', '11:00:00', '2023-03-01', '2023-03-01'),
(248, 16, '2022-10-05', '09:00:00', '11:00:00', '2023-03-01', '2023-03-01'),
(249, 16, '2022-10-12', '09:00:00', '11:00:00', '2023-03-01', '2023-03-01'),
(250, 16, '2022-10-19', '09:00:00', '11:00:00', '2023-03-01', '2023-03-01'),
(251, 16, '2022-10-26', '09:00:00', '11:00:00', '2023-03-01', '2023-03-01'),
(252, 16, '2022-11-02', '09:00:00', '11:00:00', '2023-03-01', '2023-03-01'),
(253, 16, '2022-11-09', '09:00:00', '11:00:00', '2023-03-01', '2023-03-01'),
(254, 16, '2022-11-16', '09:00:00', '11:00:00', '2023-03-01', '2023-03-01'),
(255, 16, '2022-11-23', '09:00:00', '11:00:00', '2023-03-01', '2023-03-01'),
(256, 16, '2022-11-30', '09:00:00', '11:00:00', '2023-03-01', '2023-03-01'),
(257, 16, '2022-12-07', '09:00:00', '11:00:00', '2023-03-01', '2023-03-01'),
(258, 16, '2022-12-14', '09:00:00', '11:00:00', '2023-03-01', '2023-03-01'),
(259, 16, '2022-12-21', '09:00:00', '11:00:00', '2023-03-01', '2023-03-01'),
(260, 16, '2022-12-28', '09:00:00', '11:00:00', '2023-03-01', '2023-03-01'),
(261, 17, '2022-06-01', '09:00:00', '11:00:00', '2023-03-01', '2023-03-01'),
(262, 17, '2022-01-05', '13:00:00', '15:00:00', '2023-03-01', '2023-03-01'),
(263, 17, '2022-01-12', '13:00:00', '15:00:00', '2023-03-01', '2023-03-01'),
(264, 17, '2022-01-19', '13:00:00', '15:00:00', '2023-03-01', '2023-03-01'),
(265, 17, '2022-01-26', '13:00:00', '15:00:00', '2023-03-01', '2023-03-01'),
(266, 17, '2022-02-02', '13:00:00', '15:00:00', '2023-03-01', '2023-03-01'),
(267, 17, '2022-02-09', '13:00:00', '15:00:00', '2023-03-01', '2023-03-01'),
(268, 17, '2022-02-16', '13:00:00', '15:00:00', '2023-03-01', '2023-03-01'),
(269, 17, '2022-02-23', '13:00:00', '15:00:00', '2023-03-01', '2023-03-01'),
(270, 17, '2022-03-02', '13:00:00', '15:00:00', '2023-03-01', '2023-03-01'),
(271, 17, '2022-03-09', '13:00:00', '15:00:00', '2023-03-01', '2023-03-01'),
(272, 17, '2022-03-16', '13:00:00', '15:00:00', '2023-03-01', '2023-03-01'),
(273, 17, '2022-03-23', '13:00:00', '15:00:00', '2023-03-01', '2023-03-01'),
(274, 17, '2022-03-30', '13:00:00', '15:00:00', '2023-03-01', '2023-03-01'),
(275, 17, '2022-04-06', '13:00:00', '15:00:00', '2023-03-01', '2023-03-01'),
(276, 17, '2022-04-13', '13:00:00', '15:00:00', '2023-03-01', '2023-03-01'),
(277, 17, '2022-04-20', '13:00:00', '15:00:00', '2023-03-01', '2023-03-01'),
(278, 17, '2022-04-27', '13:00:00', '15:00:00', '2023-03-01', '2023-03-01'),
(279, 17, '2022-05-04', '13:00:00', '15:00:00', '2023-03-01', '2023-03-01'),
(280, 17, '2022-05-11', '13:00:00', '15:00:00', '2023-03-01', '2023-03-01'),
(281, 17, '2022-05-18', '13:00:00', '15:00:00', '2023-03-01', '2023-03-01'),
(282, 17, '2022-05-25', '13:00:00', '15:00:00', '2023-03-01', '2023-03-01'),
(283, 17, '2022-06-01', '13:00:00', '15:00:00', '2023-03-01', '2023-03-01'),
(284, 17, '2022-06-08', '13:00:00', '15:00:00', '2023-03-01', '2023-03-01'),
(285, 17, '2022-06-15', '13:00:00', '15:00:00', '2023-03-01', '2023-03-01'),
(286, 17, '2022-06-22', '13:00:00', '15:00:00', '2023-03-01', '2023-03-01'),
(287, 17, '2022-06-29', '13:00:00', '15:00:00', '2023-03-01', '2023-03-01'),
(288, 17, '2022-07-06', '13:00:00', '15:00:00', '2023-03-01', '2023-03-01'),
(289, 17, '2022-07-13', '13:00:00', '15:00:00', '2023-03-01', '2023-03-01'),
(290, 17, '2022-07-20', '13:00:00', '15:00:00', '2023-03-01', '2023-03-01'),
(291, 17, '2022-07-27', '13:00:00', '15:00:00', '2023-03-01', '2023-03-01'),
(292, 17, '2022-08-03', '13:00:00', '15:00:00', '2023-03-01', '2023-03-01'),
(293, 17, '2022-08-10', '13:00:00', '15:00:00', '2023-03-01', '2023-03-01'),
(294, 17, '2022-08-17', '13:00:00', '15:00:00', '2023-03-01', '2023-03-01'),
(295, 17, '2022-08-24', '13:00:00', '15:00:00', '2023-03-01', '2023-03-01'),
(296, 17, '2022-08-31', '13:00:00', '15:00:00', '2023-03-01', '2023-03-01'),
(297, 17, '2022-09-07', '13:00:00', '15:00:00', '2023-03-01', '2023-03-01'),
(298, 17, '2022-09-14', '13:00:00', '15:00:00', '2023-03-01', '2023-03-01'),
(299, 17, '2022-09-21', '13:00:00', '15:00:00', '2023-03-01', '2023-03-01'),
(300, 17, '2022-09-28', '13:00:00', '15:00:00', '2023-03-01', '2023-03-01'),
(301, 17, '2022-10-05', '13:00:00', '15:00:00', '2023-03-01', '2023-03-01'),
(302, 17, '2022-10-12', '13:00:00', '15:00:00', '2023-03-01', '2023-03-01'),
(303, 17, '2022-10-19', '13:00:00', '15:00:00', '2023-03-01', '2023-03-01'),
(304, 17, '2022-10-26', '13:00:00', '15:00:00', '2023-03-01', '2023-03-01'),
(305, 17, '2022-11-02', '13:00:00', '15:00:00', '2023-03-01', '2023-03-01'),
(306, 17, '2022-11-09', '13:00:00', '15:00:00', '2023-03-01', '2023-03-01'),
(307, 17, '2022-11-16', '13:00:00', '15:00:00', '2023-03-01', '2023-03-01'),
(308, 17, '2022-11-23', '13:00:00', '15:00:00', '2023-03-01', '2023-03-01'),
(309, 17, '2022-11-30', '13:00:00', '15:00:00', '2023-03-01', '2023-03-01'),
(310, 17, '2022-12-07', '13:00:00', '15:00:00', '2023-03-01', '2023-03-01'),
(311, 17, '2022-12-14', '13:00:00', '15:00:00', '2023-03-01', '2023-03-01'),
(312, 17, '2022-12-21', '13:00:00', '15:00:00', '2023-03-01', '2023-03-01'),
(313, 17, '2022-12-28', '13:00:00', '15:00:00', '2023-03-01', '2023-03-01'),
(314, 18, '2022-01-06', '09:00:00', '11:00:00', '2023-03-01', '2023-03-01'),
(315, 18, '2022-01-13', '09:00:00', '11:00:00', '2023-03-01', '2023-03-01'),
(316, 18, '2022-01-20', '09:00:00', '11:00:00', '2023-03-01', '2023-03-01'),
(317, 18, '2022-01-27', '09:00:00', '11:00:00', '2023-03-01', '2023-03-01'),
(318, 18, '2022-02-03', '09:00:00', '11:00:00', '2023-03-01', '2023-03-01'),
(319, 18, '2022-02-10', '09:00:00', '11:00:00', '2023-03-01', '2023-03-01'),
(320, 18, '2022-02-17', '09:00:00', '11:00:00', '2023-03-01', '2023-03-01'),
(321, 18, '2022-02-24', '09:00:00', '11:00:00', '2023-03-01', '2023-03-01'),
(322, 18, '2022-03-03', '09:00:00', '11:00:00', '2023-03-01', '2023-03-01'),
(323, 18, '2022-03-10', '09:00:00', '11:00:00', '2023-03-01', '2023-03-01'),
(324, 18, '2022-03-17', '09:00:00', '11:00:00', '2023-03-01', '2023-03-01'),
(325, 18, '2022-03-24', '09:00:00', '11:00:00', '2023-03-01', '2023-03-01'),
(326, 18, '2022-03-31', '09:00:00', '11:00:00', '2023-03-01', '2023-03-01'),
(327, 18, '2022-04-07', '09:00:00', '11:00:00', '2023-03-01', '2023-03-01'),
(328, 18, '2022-04-14', '09:00:00', '11:00:00', '2023-03-01', '2023-03-01'),
(329, 18, '2022-04-21', '09:00:00', '11:00:00', '2023-03-01', '2023-03-01'),
(330, 18, '2022-04-28', '09:00:00', '11:00:00', '2023-03-01', '2023-03-01'),
(331, 18, '2022-05-05', '09:00:00', '11:00:00', '2023-03-01', '2023-03-01'),
(332, 18, '2022-05-12', '09:00:00', '11:00:00', '2023-03-01', '2023-03-01'),
(333, 18, '2022-05-19', '09:00:00', '11:00:00', '2023-03-01', '2023-03-01'),
(334, 18, '2022-05-26', '09:00:00', '11:00:00', '2023-03-01', '2023-03-01'),
(335, 18, '2022-06-02', '09:00:00', '11:00:00', '2023-03-01', '2023-03-01'),
(336, 18, '2022-06-09', '09:00:00', '11:00:00', '2023-03-01', '2023-03-01'),
(337, 18, '2022-06-16', '09:00:00', '11:00:00', '2023-03-01', '2023-03-01'),
(338, 18, '2022-06-23', '09:00:00', '11:00:00', '2023-03-01', '2023-03-01'),
(339, 18, '2022-06-30', '09:00:00', '11:00:00', '2023-03-01', '2023-03-01'),
(340, 18, '2022-07-07', '09:00:00', '11:00:00', '2023-03-01', '2023-03-01'),
(341, 18, '2022-07-14', '09:00:00', '11:00:00', '2023-03-01', '2023-03-01'),
(342, 18, '2022-07-21', '09:00:00', '11:00:00', '2023-03-01', '2023-03-01'),
(343, 18, '2022-07-28', '09:00:00', '11:00:00', '2023-03-01', '2023-03-01'),
(344, 18, '2022-08-04', '09:00:00', '11:00:00', '2023-03-01', '2023-03-01'),
(345, 18, '2022-08-11', '09:00:00', '11:00:00', '2023-03-01', '2023-03-01'),
(346, 18, '2022-08-18', '09:00:00', '11:00:00', '2023-03-01', '2023-03-01'),
(347, 18, '2022-08-25', '09:00:00', '11:00:00', '2023-03-01', '2023-03-01'),
(348, 18, '2022-09-01', '09:00:00', '11:00:00', '2023-03-01', '2023-03-01'),
(349, 18, '2022-09-08', '09:00:00', '11:00:00', '2023-03-01', '2023-03-01'),
(350, 18, '2022-09-15', '09:00:00', '11:00:00', '2023-03-01', '2023-03-01'),
(351, 18, '2022-09-22', '09:00:00', '11:00:00', '2023-03-01', '2023-03-01'),
(352, 18, '2022-09-29', '09:00:00', '11:00:00', '2023-03-01', '2023-03-01'),
(353, 18, '2022-10-06', '09:00:00', '11:00:00', '2023-03-01', '2023-03-01'),
(354, 18, '2022-10-13', '09:00:00', '11:00:00', '2023-03-01', '2023-03-01'),
(355, 18, '2022-10-20', '09:00:00', '11:00:00', '2023-03-01', '2023-03-01'),
(356, 18, '2022-10-27', '09:00:00', '11:00:00', '2023-03-01', '2023-03-01'),
(357, 18, '2022-11-03', '09:00:00', '11:00:00', '2023-03-01', '2023-03-01'),
(358, 18, '2022-11-10', '09:00:00', '11:00:00', '2023-03-01', '2023-03-01'),
(359, 18, '2022-11-17', '09:00:00', '11:00:00', '2023-03-01', '2023-03-01'),
(360, 18, '2022-11-24', '09:00:00', '11:00:00', '2023-03-01', '2023-03-01'),
(361, 18, '2022-12-01', '09:00:00', '11:00:00', '2023-03-01', '2023-03-01'),
(362, 18, '2022-12-08', '09:00:00', '11:00:00', '2023-03-01', '2023-03-01'),
(363, 18, '2022-12-15', '09:00:00', '11:00:00', '2023-03-01', '2023-03-01'),
(364, 18, '2022-12-22', '09:00:00', '11:00:00', '2023-03-01', '2023-03-01'),
(365, 18, '2022-12-29', '09:00:00', '11:00:00', '2023-03-01', '2023-03-01'),
(366, 19, '2022-01-06', '13:00:00', '15:00:00', '2023-03-01', '2023-03-01'),
(367, 19, '2022-01-13', '13:00:00', '15:00:00', '2023-03-01', '2023-03-01'),
(368, 19, '2022-01-20', '13:00:00', '15:00:00', '2023-03-01', '2023-03-01'),
(369, 19, '2022-01-27', '13:00:00', '15:00:00', '2023-03-01', '2023-03-01'),
(370, 19, '2022-02-03', '13:00:00', '15:00:00', '2023-03-01', '2023-03-01'),
(371, 19, '2022-02-10', '13:00:00', '15:00:00', '2023-03-01', '2023-03-01'),
(372, 19, '2022-02-17', '13:00:00', '15:00:00', '2023-03-01', '2023-03-01'),
(373, 19, '2022-02-24', '13:00:00', '15:00:00', '2023-03-01', '2023-03-01'),
(374, 19, '2022-03-03', '13:00:00', '15:00:00', '2023-03-01', '2023-03-01'),
(375, 19, '2022-03-10', '13:00:00', '15:00:00', '2023-03-01', '2023-03-01'),
(376, 19, '2022-03-17', '13:00:00', '15:00:00', '2023-03-01', '2023-03-01'),
(377, 19, '2022-03-24', '13:00:00', '15:00:00', '2023-03-01', '2023-03-01'),
(378, 19, '2022-03-31', '13:00:00', '15:00:00', '2023-03-01', '2023-03-01'),
(379, 19, '2022-04-07', '13:00:00', '15:00:00', '2023-03-01', '2023-03-01'),
(380, 19, '2022-04-14', '13:00:00', '15:00:00', '2023-03-01', '2023-03-01'),
(381, 19, '2022-04-21', '13:00:00', '15:00:00', '2023-03-01', '2023-03-01'),
(382, 19, '2022-04-28', '13:00:00', '15:00:00', '2023-03-01', '2023-03-01'),
(383, 19, '2022-05-05', '13:00:00', '15:00:00', '2023-03-01', '2023-03-01'),
(384, 19, '2022-05-12', '13:00:00', '15:00:00', '2023-03-01', '2023-03-01'),
(385, 19, '2022-05-19', '13:00:00', '15:00:00', '2023-03-01', '2023-03-01'),
(386, 19, '2022-05-26', '13:00:00', '15:00:00', '2023-03-01', '2023-03-01'),
(387, 19, '2022-06-02', '13:00:00', '15:00:00', '2023-03-01', '2023-03-01'),
(388, 19, '2022-06-09', '13:00:00', '15:00:00', '2023-03-01', '2023-03-01'),
(389, 19, '2022-06-16', '13:00:00', '15:00:00', '2023-03-01', '2023-03-01'),
(390, 19, '2022-06-23', '13:00:00', '15:00:00', '2023-03-01', '2023-03-01'),
(391, 19, '2022-06-30', '13:00:00', '15:00:00', '2023-03-01', '2023-03-01'),
(392, 19, '2022-07-07', '13:00:00', '15:00:00', '2023-03-01', '2023-03-01'),
(393, 19, '2022-07-14', '13:00:00', '15:00:00', '2023-03-01', '2023-03-01'),
(394, 19, '2022-07-21', '13:00:00', '15:00:00', '2023-03-01', '2023-03-01'),
(395, 19, '2022-07-28', '13:00:00', '15:00:00', '2023-03-01', '2023-03-01'),
(396, 19, '2022-08-04', '13:00:00', '15:00:00', '2023-03-01', '2023-03-01'),
(397, 19, '2022-08-11', '13:00:00', '15:00:00', '2023-03-01', '2023-03-01'),
(398, 19, '2022-08-18', '13:00:00', '15:00:00', '2023-03-01', '2023-03-01'),
(399, 19, '2022-08-25', '13:00:00', '15:00:00', '2023-03-01', '2023-03-01'),
(400, 19, '2022-09-01', '13:00:00', '15:00:00', '2023-03-01', '2023-03-01'),
(401, 19, '2022-09-08', '13:00:00', '15:00:00', '2023-03-01', '2023-03-01'),
(402, 19, '2022-09-15', '13:00:00', '15:00:00', '2023-03-01', '2023-03-01'),
(403, 19, '2022-09-22', '13:00:00', '15:00:00', '2023-03-01', '2023-03-01'),
(404, 19, '2022-09-29', '13:00:00', '15:00:00', '2023-03-01', '2023-03-01'),
(405, 19, '2022-10-06', '13:00:00', '15:00:00', '2023-03-01', '2023-03-01'),
(406, 19, '2022-10-13', '13:00:00', '15:00:00', '2023-03-01', '2023-03-01'),
(407, 19, '2022-10-20', '13:00:00', '15:00:00', '2023-03-01', '2023-03-01'),
(408, 19, '2022-10-27', '13:00:00', '15:00:00', '2023-03-01', '2023-03-01'),
(409, 19, '2022-11-03', '13:00:00', '15:00:00', '2023-03-01', '2023-03-01'),
(410, 19, '2022-11-10', '13:00:00', '15:00:00', '2023-03-01', '2023-03-01'),
(411, 19, '2022-11-17', '13:00:00', '15:00:00', '2023-03-01', '2023-03-01'),
(412, 19, '2022-11-24', '13:00:00', '15:00:00', '2023-03-01', '2023-03-01'),
(413, 19, '2022-12-01', '13:00:00', '15:00:00', '2023-03-01', '2023-03-01'),
(414, 19, '2022-12-08', '13:00:00', '15:00:00', '2023-03-01', '2023-03-01'),
(415, 19, '2022-12-15', '13:00:00', '15:00:00', '2023-03-01', '2023-03-01'),
(416, 19, '2022-12-22', '13:00:00', '15:00:00', '2023-03-01', '2023-03-01'),
(417, 19, '2022-12-29', '13:00:00', '15:00:00', '2023-03-01', '2023-03-01'),
(418, 16, '2022-01-07', '09:00:00', '11:00:00', '2023-03-01', '2023-03-01'),
(419, 16, '2022-01-14', '09:00:00', '11:00:00', '2023-03-01', '2023-03-01'),
(420, 16, '2022-01-21', '09:00:00', '11:00:00', '2023-03-01', '2023-03-01'),
(421, 16, '2022-01-28', '09:00:00', '11:00:00', '2023-03-01', '2023-03-01'),
(422, 16, '2022-02-04', '09:00:00', '11:00:00', '2023-03-01', '2023-03-01'),
(423, 16, '2022-02-11', '09:00:00', '11:00:00', '2023-03-01', '2023-03-01'),
(424, 16, '2022-02-18', '09:00:00', '11:00:00', '2023-03-01', '2023-03-01'),
(425, 16, '2022-02-25', '09:00:00', '11:00:00', '2023-03-01', '2023-03-01'),
(426, 16, '2022-03-04', '09:00:00', '11:00:00', '2023-03-01', '2023-03-01'),
(427, 16, '2022-03-11', '09:00:00', '11:00:00', '2023-03-01', '2023-03-01'),
(428, 16, '2022-03-18', '09:00:00', '11:00:00', '2023-03-01', '2023-03-01'),
(429, 16, '2022-03-25', '09:00:00', '11:00:00', '2023-03-01', '2023-03-01'),
(430, 16, '2022-04-01', '09:00:00', '11:00:00', '2023-03-01', '2023-03-01'),
(431, 16, '2022-04-08', '09:00:00', '11:00:00', '2023-03-01', '2023-03-01'),
(432, 16, '2022-04-15', '09:00:00', '11:00:00', '2023-03-01', '2023-03-01'),
(433, 16, '2022-04-22', '09:00:00', '11:00:00', '2023-03-01', '2023-03-01'),
(434, 16, '2022-04-29', '09:00:00', '11:00:00', '2023-03-01', '2023-03-01'),
(435, 16, '2022-05-06', '09:00:00', '11:00:00', '2023-03-01', '2023-03-01'),
(436, 16, '2022-05-13', '09:00:00', '11:00:00', '2023-03-01', '2023-03-01'),
(437, 16, '2022-05-20', '09:00:00', '11:00:00', '2023-03-01', '2023-03-01'),
(438, 16, '2022-05-27', '09:00:00', '11:00:00', '2023-03-01', '2023-03-01'),
(439, 16, '2022-06-03', '09:00:00', '11:00:00', '2023-03-01', '2023-03-01'),
(440, 16, '2022-06-10', '09:00:00', '11:00:00', '2023-03-01', '2023-03-01'),
(441, 16, '2022-06-17', '09:00:00', '11:00:00', '2023-03-01', '2023-03-01'),
(442, 16, '2022-06-24', '09:00:00', '11:00:00', '2023-03-01', '2023-03-01'),
(443, 16, '2022-07-01', '09:00:00', '11:00:00', '2023-03-01', '2023-03-01'),
(444, 16, '2022-07-08', '09:00:00', '11:00:00', '2023-03-01', '2023-03-01'),
(445, 16, '2022-07-15', '09:00:00', '11:00:00', '2023-03-01', '2023-03-01'),
(446, 16, '2022-07-22', '09:00:00', '11:00:00', '2023-03-01', '2023-03-01'),
(447, 16, '2022-07-29', '09:00:00', '11:00:00', '2023-03-01', '2023-03-01'),
(448, 16, '2022-08-05', '09:00:00', '11:00:00', '2023-03-01', '2023-03-01'),
(449, 16, '2022-08-12', '09:00:00', '11:00:00', '2023-03-01', '2023-03-01'),
(450, 16, '2022-08-19', '09:00:00', '11:00:00', '2023-03-01', '2023-03-01'),
(451, 16, '2022-08-26', '09:00:00', '11:00:00', '2023-03-01', '2023-03-01'),
(452, 16, '2022-09-02', '09:00:00', '11:00:00', '2023-03-01', '2023-03-01'),
(453, 16, '2022-09-09', '09:00:00', '11:00:00', '2023-03-01', '2023-03-01'),
(454, 16, '2022-09-16', '09:00:00', '11:00:00', '2023-03-01', '2023-03-01'),
(455, 16, '2022-09-23', '09:00:00', '11:00:00', '2023-03-01', '2023-03-01'),
(456, 16, '2022-09-30', '09:00:00', '11:00:00', '2023-03-01', '2023-03-01'),
(457, 16, '2022-10-07', '09:00:00', '11:00:00', '2023-03-01', '2023-03-01'),
(458, 16, '2022-10-14', '09:00:00', '11:00:00', '2023-03-01', '2023-03-01'),
(459, 16, '2022-10-21', '09:00:00', '11:00:00', '2023-03-01', '2023-03-01'),
(460, 16, '2022-10-28', '09:00:00', '11:00:00', '2023-03-01', '2023-03-01'),
(461, 16, '2022-11-04', '09:00:00', '11:00:00', '2023-03-01', '2023-03-01'),
(462, 16, '2022-11-11', '09:00:00', '11:00:00', '2023-03-01', '2023-03-01'),
(463, 16, '2022-11-18', '09:00:00', '11:00:00', '2023-03-01', '2023-03-01'),
(464, 16, '2022-11-25', '09:00:00', '11:00:00', '2023-03-01', '2023-03-01'),
(465, 16, '2022-12-02', '09:00:00', '11:00:00', '2023-03-01', '2023-03-01'),
(466, 16, '2022-12-09', '09:00:00', '11:00:00', '2023-03-01', '2023-03-01'),
(467, 16, '2022-12-16', '09:00:00', '11:00:00', '2023-03-01', '2023-03-01'),
(468, 16, '2022-12-23', '09:00:00', '11:00:00', '2023-03-01', '2023-03-01'),
(469, 16, '2022-12-30', '09:00:00', '11:00:00', '2023-03-01', '2023-03-01'),
(470, 17, '2022-01-07', '13:00:00', '15:00:00', '2023-03-01', '2023-03-01'),
(471, 17, '2022-01-14', '13:00:00', '15:00:00', '2023-03-01', '2023-03-01'),
(472, 17, '2022-01-21', '13:00:00', '15:00:00', '2023-03-01', '2023-03-01'),
(473, 17, '2022-01-28', '13:00:00', '15:00:00', '2023-03-01', '2023-03-01'),
(474, 17, '2022-02-04', '13:00:00', '15:00:00', '2023-03-01', '2023-03-01'),
(475, 17, '2022-02-11', '13:00:00', '15:00:00', '2023-03-01', '2023-03-01'),
(476, 17, '2022-02-18', '13:00:00', '15:00:00', '2023-03-01', '2023-03-01'),
(477, 17, '2022-02-25', '13:00:00', '15:00:00', '2023-03-01', '2023-03-01'),
(478, 17, '2022-03-04', '13:00:00', '15:00:00', '2023-03-01', '2023-03-01'),
(479, 17, '2022-03-11', '13:00:00', '15:00:00', '2023-03-01', '2023-03-01'),
(480, 17, '2022-03-18', '13:00:00', '15:00:00', '2023-03-01', '2023-03-01'),
(481, 17, '2022-03-25', '13:00:00', '15:00:00', '2023-03-01', '2023-03-01'),
(482, 17, '2022-04-01', '13:00:00', '15:00:00', '2023-03-01', '2023-03-01'),
(483, 17, '2022-04-08', '13:00:00', '15:00:00', '2023-03-01', '2023-03-01'),
(484, 17, '2022-04-15', '13:00:00', '15:00:00', '2023-03-01', '2023-03-01'),
(485, 17, '2022-04-22', '13:00:00', '15:00:00', '2023-03-01', '2023-03-01'),
(486, 17, '2022-04-29', '13:00:00', '15:00:00', '2023-03-01', '2023-03-01'),
(487, 17, '2022-05-06', '13:00:00', '15:00:00', '2023-03-01', '2023-03-01'),
(488, 17, '2022-05-13', '13:00:00', '15:00:00', '2023-03-01', '2023-03-01'),
(489, 17, '2022-05-20', '13:00:00', '15:00:00', '2023-03-01', '2023-03-01'),
(490, 17, '2022-05-27', '13:00:00', '15:00:00', '2023-03-01', '2023-03-01'),
(491, 17, '2022-06-03', '13:00:00', '15:00:00', '2023-03-01', '2023-03-01'),
(492, 17, '2022-06-10', '13:00:00', '15:00:00', '2023-03-01', '2023-03-01'),
(493, 17, '2022-06-17', '13:00:00', '15:00:00', '2023-03-01', '2023-03-01'),
(494, 17, '2022-06-24', '13:00:00', '15:00:00', '2023-03-01', '2023-03-01'),
(495, 17, '2022-07-01', '13:00:00', '15:00:00', '2023-03-01', '2023-03-01'),
(496, 17, '2022-07-08', '13:00:00', '15:00:00', '2023-03-01', '2023-03-01'),
(497, 17, '2022-07-15', '13:00:00', '15:00:00', '2023-03-01', '2023-03-01'),
(498, 17, '2022-07-22', '13:00:00', '15:00:00', '2023-03-01', '2023-03-01'),
(499, 17, '2022-07-29', '13:00:00', '15:00:00', '2023-03-01', '2023-03-01'),
(500, 17, '2022-08-05', '13:00:00', '15:00:00', '2023-03-01', '2023-03-01'),
(501, 17, '2022-08-12', '13:00:00', '15:00:00', '2023-03-01', '2023-03-01'),
(502, 17, '2022-08-19', '13:00:00', '15:00:00', '2023-03-01', '2023-03-01'),
(503, 17, '2022-08-26', '13:00:00', '15:00:00', '2023-03-01', '2023-03-01'),
(504, 17, '2022-09-02', '13:00:00', '15:00:00', '2023-03-01', '2023-03-01'),
(505, 17, '2022-09-09', '13:00:00', '15:00:00', '2023-03-01', '2023-03-01'),
(506, 17, '2022-09-16', '13:00:00', '15:00:00', '2023-03-01', '2023-03-01'),
(507, 17, '2022-09-23', '13:00:00', '15:00:00', '2023-03-01', '2023-03-01'),
(508, 17, '2022-09-30', '13:00:00', '15:00:00', '2023-03-01', '2023-03-01'),
(509, 17, '2022-10-07', '13:00:00', '15:00:00', '2023-03-01', '2023-03-01'),
(510, 17, '2022-10-14', '13:00:00', '15:00:00', '2023-03-01', '2023-03-01'),
(511, 17, '2022-10-21', '13:00:00', '15:00:00', '2023-03-01', '2023-03-01'),
(512, 17, '2022-10-28', '13:00:00', '15:00:00', '2023-03-01', '2023-03-01'),
(513, 17, '2022-11-04', '13:00:00', '15:00:00', '2023-03-01', '2023-03-01'),
(514, 17, '2022-11-11', '13:00:00', '15:00:00', '2023-03-01', '2023-03-01'),
(515, 17, '2022-11-18', '13:00:00', '15:00:00', '2023-03-01', '2023-03-01'),
(516, 17, '2022-11-25', '13:00:00', '15:00:00', '2023-03-01', '2023-03-01'),
(517, 17, '2022-12-02', '13:00:00', '15:00:00', '2023-03-01', '2023-03-01'),
(518, 17, '2022-12-09', '13:00:00', '15:00:00', '2023-03-01', '2023-03-01'),
(519, 17, '2022-12-16', '13:00:00', '15:00:00', '2023-03-01', '2023-03-01'),
(520, 17, '2022-12-23', '13:00:00', '15:00:00', '2023-03-01', '2023-03-01'),
(521, 17, '2022-12-30', '13:00:00', '15:00:00', '2023-03-01', '2023-03-01'),
(522, 18, '2022-01-01', '09:00:00', '11:00:00', '2023-03-01', '2023-03-01'),
(523, 18, '2022-01-08', '09:00:00', '11:00:00', '2023-03-01', '2023-03-01'),
(524, 18, '2022-01-15', '09:00:00', '11:00:00', '2023-03-01', '2023-03-01'),
(525, 18, '2022-01-22', '09:00:00', '11:00:00', '2023-03-01', '2023-03-01'),
(526, 18, '2022-01-29', '09:00:00', '11:00:00', '2023-03-01', '2023-03-01'),
(527, 18, '2022-02-05', '09:00:00', '11:00:00', '2023-03-01', '2023-03-01'),
(528, 18, '2022-02-12', '09:00:00', '11:00:00', '2023-03-01', '2023-03-01'),
(529, 18, '2022-02-19', '09:00:00', '11:00:00', '2023-03-01', '2023-03-01'),
(530, 18, '2022-02-26', '09:00:00', '11:00:00', '2023-03-01', '2023-03-01'),
(531, 18, '2022-03-05', '09:00:00', '11:00:00', '2023-03-01', '2023-03-01'),
(532, 18, '2022-03-12', '09:00:00', '11:00:00', '2023-03-01', '2023-03-01'),
(533, 18, '2022-03-19', '09:00:00', '11:00:00', '2023-03-01', '2023-03-01'),
(534, 18, '2022-03-26', '09:00:00', '11:00:00', '2023-03-01', '2023-03-01'),
(535, 18, '2022-04-02', '09:00:00', '11:00:00', '2023-03-01', '2023-03-01'),
(536, 18, '2022-04-09', '09:00:00', '11:00:00', '2023-03-01', '2023-03-01'),
(537, 18, '2022-04-16', '09:00:00', '11:00:00', '2023-03-01', '2023-03-01'),
(538, 18, '2022-04-23', '09:00:00', '11:00:00', '2023-03-01', '2023-03-01'),
(539, 18, '2022-04-30', '09:00:00', '11:00:00', '2023-03-01', '2023-03-01'),
(540, 18, '2022-05-07', '09:00:00', '11:00:00', '2023-03-01', '2023-03-01'),
(541, 18, '2022-05-14', '09:00:00', '11:00:00', '2023-03-01', '2023-03-01'),
(542, 18, '2022-05-21', '09:00:00', '11:00:00', '2023-03-01', '2023-03-01'),
(543, 18, '2022-05-28', '09:00:00', '11:00:00', '2023-03-01', '2023-03-01'),
(544, 18, '2022-06-04', '09:00:00', '11:00:00', '2023-03-01', '2023-03-01'),
(545, 18, '2022-06-11', '09:00:00', '11:00:00', '2023-03-01', '2023-03-01'),
(546, 18, '2022-06-18', '09:00:00', '11:00:00', '2023-03-01', '2023-03-01'),
(547, 18, '2022-06-25', '09:00:00', '11:00:00', '2023-03-01', '2023-03-01'),
(548, 18, '2022-07-02', '09:00:00', '11:00:00', '2023-03-01', '2023-03-01'),
(549, 18, '2022-07-09', '09:00:00', '11:00:00', '2023-03-01', '2023-03-01'),
(550, 18, '2022-07-16', '09:00:00', '11:00:00', '2023-03-01', '2023-03-01'),
(551, 18, '2022-07-23', '09:00:00', '11:00:00', '2023-03-01', '2023-03-01'),
(552, 18, '2022-07-30', '09:00:00', '11:00:00', '2023-03-01', '2023-03-01'),
(553, 18, '2022-08-06', '09:00:00', '11:00:00', '2023-03-01', '2023-03-01'),
(554, 18, '2022-08-13', '09:00:00', '11:00:00', '2023-03-01', '2023-03-01'),
(555, 18, '2022-08-20', '09:00:00', '11:00:00', '2023-03-01', '2023-03-01'),
(556, 18, '2022-08-27', '09:00:00', '11:00:00', '2023-03-01', '2023-03-01'),
(557, 18, '2022-09-03', '09:00:00', '11:00:00', '2023-03-01', '2023-03-01'),
(558, 18, '2022-09-10', '09:00:00', '11:00:00', '2023-03-01', '2023-03-01'),
(559, 18, '2022-09-17', '09:00:00', '11:00:00', '2023-03-01', '2023-03-01'),
(560, 18, '2022-09-24', '09:00:00', '11:00:00', '2023-03-01', '2023-03-01'),
(561, 18, '2022-10-01', '09:00:00', '11:00:00', '2023-03-01', '2023-03-01'),
(562, 18, '2022-10-08', '09:00:00', '11:00:00', '2023-03-01', '2023-03-01'),
(563, 18, '2022-10-15', '09:00:00', '11:00:00', '2023-03-01', '2023-03-01'),
(564, 18, '2022-10-22', '09:00:00', '11:00:00', '2023-03-01', '2023-03-01'),
(565, 18, '2022-10-29', '09:00:00', '11:00:00', '2023-03-01', '2023-03-01'),
(566, 18, '2022-11-05', '09:00:00', '11:00:00', '2023-03-01', '2023-03-01'),
(567, 18, '2022-11-12', '09:00:00', '11:00:00', '2023-03-01', '2023-03-01'),
(568, 18, '2022-11-19', '09:00:00', '11:00:00', '2023-03-01', '2023-03-01'),
(569, 18, '2022-11-26', '09:00:00', '11:00:00', '2023-03-01', '2023-03-01'),
(570, 18, '2022-12-03', '09:00:00', '11:00:00', '2023-03-01', '2023-03-01'),
(571, 18, '2022-12-10', '09:00:00', '11:00:00', '2023-03-01', '2023-03-01'),
(572, 18, '2022-12-17', '09:00:00', '11:00:00', '2023-03-01', '2023-03-01'),
(573, 18, '2022-12-24', '09:00:00', '11:00:00', '2023-03-01', '2023-03-01'),
(574, 18, '2022-12-31', '09:00:00', '11:00:00', '2023-03-01', '2023-03-01'),
(575, 19, '2022-01-01', '13:00:00', '15:00:00', '2023-03-01', '2023-03-01'),
(576, 19, '2022-01-08', '13:00:00', '15:00:00', '2023-03-01', '2023-03-01'),
(577, 19, '2022-01-15', '13:00:00', '15:00:00', '2023-03-01', '2023-03-01'),
(578, 19, '2022-01-22', '13:00:00', '15:00:00', '2023-03-01', '2023-03-01'),
(579, 19, '2022-01-29', '13:00:00', '15:00:00', '2023-03-01', '2023-03-01'),
(580, 19, '2022-02-05', '13:00:00', '15:00:00', '2023-03-01', '2023-03-01'),
(581, 19, '2022-02-12', '13:00:00', '15:00:00', '2023-03-01', '2023-03-01'),
(582, 19, '2022-02-19', '13:00:00', '15:00:00', '2023-03-01', '2023-03-01'),
(583, 19, '2022-02-26', '13:00:00', '15:00:00', '2023-03-01', '2023-03-01'),
(584, 19, '2022-03-05', '13:00:00', '15:00:00', '2023-03-01', '2023-03-01'),
(585, 19, '2022-03-12', '13:00:00', '15:00:00', '2023-03-01', '2023-03-01'),
(586, 19, '2022-03-19', '13:00:00', '15:00:00', '2023-03-01', '2023-03-01'),
(587, 19, '2022-03-26', '13:00:00', '15:00:00', '2023-03-01', '2023-03-01'),
(588, 19, '2022-04-02', '13:00:00', '15:00:00', '2023-03-01', '2023-03-01'),
(589, 19, '2022-04-09', '13:00:00', '15:00:00', '2023-03-01', '2023-03-01'),
(590, 19, '2022-04-16', '13:00:00', '15:00:00', '2023-03-01', '2023-03-01'),
(591, 19, '2022-04-23', '13:00:00', '15:00:00', '2023-03-01', '2023-03-01'),
(592, 19, '2022-04-30', '13:00:00', '15:00:00', '2023-03-01', '2023-03-01'),
(593, 19, '2022-05-07', '13:00:00', '15:00:00', '2023-03-01', '2023-03-01'),
(594, 19, '2022-05-14', '13:00:00', '15:00:00', '2023-03-01', '2023-03-01'),
(595, 19, '2022-05-21', '13:00:00', '15:00:00', '2023-03-01', '2023-03-01'),
(596, 19, '2022-05-28', '13:00:00', '15:00:00', '2023-03-01', '2023-03-01'),
(597, 19, '2022-06-04', '13:00:00', '15:00:00', '2023-03-01', '2023-03-01'),
(598, 19, '2022-06-11', '13:00:00', '15:00:00', '2023-03-01', '2023-03-01'),
(599, 19, '2022-06-18', '13:00:00', '15:00:00', '2023-03-01', '2023-03-01'),
(600, 19, '2022-06-25', '13:00:00', '15:00:00', '2023-03-01', '2023-03-01'),
(601, 19, '2022-07-02', '13:00:00', '15:00:00', '2023-03-01', '2023-03-01'),
(602, 19, '2022-07-09', '13:00:00', '15:00:00', '2023-03-01', '2023-03-01'),
(603, 19, '2022-07-16', '13:00:00', '15:00:00', '2023-03-01', '2023-03-01'),
(604, 19, '2022-07-23', '13:00:00', '15:00:00', '2023-03-01', '2023-03-01'),
(605, 19, '2022-07-30', '13:00:00', '15:00:00', '2023-03-01', '2023-03-01'),
(606, 19, '2022-08-06', '13:00:00', '15:00:00', '2023-03-01', '2023-03-01'),
(607, 19, '2022-08-13', '13:00:00', '15:00:00', '2023-03-01', '2023-03-01'),
(608, 19, '2022-08-20', '13:00:00', '15:00:00', '2023-03-01', '2023-03-01'),
(609, 19, '2022-08-27', '13:00:00', '15:00:00', '2023-03-01', '2023-03-01'),
(610, 19, '2022-09-03', '13:00:00', '15:00:00', '2023-03-01', '2023-03-01'),
(611, 19, '2022-09-10', '13:00:00', '15:00:00', '2023-03-01', '2023-03-01'),
(612, 19, '2022-09-17', '13:00:00', '15:00:00', '2023-03-01', '2023-03-01'),
(613, 19, '2022-09-24', '13:00:00', '15:00:00', '2023-03-01', '2023-03-01'),
(614, 19, '2022-10-01', '13:00:00', '15:00:00', '2023-03-01', '2023-03-01'),
(615, 19, '2022-10-08', '13:00:00', '15:00:00', '2023-03-01', '2023-03-01'),
(616, 19, '2022-10-15', '13:00:00', '15:00:00', '2023-03-01', '2023-03-01'),
(617, 19, '2022-10-22', '13:00:00', '15:00:00', '2023-03-01', '2023-03-01'),
(618, 19, '2022-10-29', '13:00:00', '15:00:00', '2023-03-01', '2023-03-01'),
(619, 19, '2022-11-05', '13:00:00', '15:00:00', '2023-03-01', '2023-03-01'),
(620, 19, '2022-11-12', '13:00:00', '15:00:00', '2023-03-01', '2023-03-01'),
(621, 19, '2022-11-19', '13:00:00', '15:00:00', '2023-03-01', '2023-03-01'),
(622, 19, '2022-11-26', '13:00:00', '15:00:00', '2023-03-01', '2023-03-01'),
(623, 19, '2022-12-03', '13:00:00', '15:00:00', '2023-03-01', '2023-03-01'),
(624, 19, '2022-12-10', '13:00:00', '15:00:00', '2023-03-01', '2023-03-01'),
(625, 19, '2022-12-17', '13:00:00', '15:00:00', '2023-03-01', '2023-03-01'),
(626, 19, '2022-12-24', '13:00:00', '15:00:00', '2023-03-01', '2023-03-01'),
(627, 19, '2022-12-31', '13:00:00', '15:00:00', '2023-03-01', '2023-03-01');

-- --------------------------------------------------------

--
-- Table structure for table `service_prices`
--

CREATE TABLE `service_prices` (
  `id` int(11) NOT NULL,
  `user_id` int(11) DEFAULT NULL,
  `service_price` int(100) DEFAULT NULL,
  `created_at` date DEFAULT NULL,
  `updated_at` date DEFAULT NULL
) ENGINE=InnoDB DEFAULT CHARSET=utf8mb4;

--
-- Dumping data for table `service_prices`
--

INSERT INTO `service_prices` (`id`, `user_id`, `service_price`, `created_at`, `updated_at`) VALUES
(1, 16, 5000, '2023-02-16', '2023-02-16'),
(2, 18, 2000, '2023-02-21', '2023-02-21'),
(3, 17, 5000, '2023-02-14', '2023-02-24'),
(4, 16, 15000, '2023-02-23', '2023-02-23'),
(5, 19, 10000, '2023-02-28', '2023-02-28');

-- --------------------------------------------------------

--
-- Table structure for table `treatments`
--

CREATE TABLE `treatments` (
  `id` int(11) NOT NULL,
  `pr_id` int(11) DEFAULT NULL,
  `user_id` int(11) DEFAULT NULL,
  `treatment_date` date DEFAULT NULL,
  `duration` int(50) DEFAULT NULL,
  `note` longtext NOT NULL,
  `created_at` date DEFAULT NULL,
  `updated_at` date DEFAULT NULL
) ENGINE=InnoDB DEFAULT CHARSET=utf8mb4;

--
-- Dumping data for table `treatments`
--

INSERT INTO `treatments` (`id`, `pr_id`, `user_id`, `treatment_date`, `duration`, `note`, `created_at`, `updated_at`) VALUES
(1, 14, 16, '2022-04-12', 3, 'sdafasldfksaldfkaslfdk', '2023-03-01', '2023-03-01'),
(2, 22, 17, '2022-07-07', 1, 'sadfasdlfkaslekfalsd', '2023-03-01', '2023-03-01'),
(3, 14, 18, '2022-03-23', 3, 'askfjsknihiojjwpjqwhgq;wehgq;wei', '2023-03-01', '2023-03-01'),
(4, 29, 17, '2022-11-06', 2, 'asdflsakdfjwopqjpweojfvq\'w', '2023-03-01', '2023-03-01'),
(5, 30, 18, '2022-05-07', 3, 'asfawkep[jqw[gjqpoejrgq', '2023-03-01', '2023-03-01'),
(6, 10, 16, '2022-01-13', 2, 'asdfkawpjepqwjg;er;lenglkj;wkgqpkwegoj', '2023-03-01', '2023-03-01'),
(7, 48, 17, '2022-04-11', 2, 'aewrawlkeroqwj\'jg\'qpwptoqkwe[tjqwpoejtpqwt', '2023-03-01', '2023-03-01'),
(8, 8, 19, '2022-07-11', 2, 'asdfa,;jwpeojfq[wehqwneflkqwmefqlwef\'qqwefq', '2023-03-01', '2023-03-01'),
(9, 42, 18, '2022-06-16', 3, 'asdfasdfaoiwehf;wleakfnw;lekfhqoiwehfowq', '2023-03-01', '2023-03-01'),
(10, 14, 16, '2022-02-17', 2, 'asdf;kasdfjwiefqweohifvqwefq;lwekmflwckj;', '2023-03-01', '2023-03-01'),
(11, 21, 18, '2022-09-29', 2, 'skjfkwdnflkasndf;asndfasof', '2023-03-01', '2023-03-01'),
(12, 40, 18, '2022-01-03', 3, 'adsfsadfasdfasdf', '2023-03-01', '2023-03-01'),
(13, 45, 18, '2022-09-22', 2, 'asdfsadfasdfasdf', '2023-03-01', '2023-03-01'),
(14, 23, 18, '2022-07-14', 3, 'afsdfasdfasfasdfwefawefw', '2023-03-01', '2023-03-01'),
(15, 10, 16, '2022-11-14', 3, 'asdfasdfasdfasdfa', '2023-03-01', '2023-03-01'),
(16, 7, 16, '2022-10-28', 2, 'afsfasfasabqgqebqh ', '2023-03-01', '2023-03-01'),
(17, 2, 19, '2022-06-29', 2, 'sdfadsfbasbsnN', '2023-03-01', '2023-03-01'),
(18, 1, 18, '2022-04-16', 2, 'ASFASDFASDFASDFA', '2023-03-01', '2023-03-01'),
(19, 40, 19, '2022-02-28', 2, 'asdfasdfasdfasdfasdf', '2023-03-01', '2023-03-01'),
(20, 4, 17, '2022-10-18', 3, 'sfasdfawefawewegaweg', '2023-03-01', '2023-03-01'),
(21, 1, 19, '2022-09-06', 2, 'asdfasdfasdfasf', '2023-03-01', '2023-03-01'),
(22, 1, 16, '2022-12-08', 3, 'sadfasdfasdfasdfasdf', '2023-03-01', '2023-03-01'),
(23, 38, 16, '2022-09-23', 2, 'asdfasdfasdfasdf', '2023-03-01', '2023-03-01'),
(24, 21, 16, '2022-12-26', 2, 'sdfadfsadfasdf', '2023-03-01', '2023-03-01'),
(25, 26, 16, '2022-05-18', 3, 'asdsadfasdfasdf', '2023-03-01', '2023-03-01'),
(26, 37, 19, '2022-01-11', 3, 'asdfsadfasdfasdf', '2023-03-01', '2023-03-01'),
(27, 40, 18, '2022-08-12', 3, 'asdfsafasdf', '2023-03-01', '2023-03-01'),
(28, 23, 19, '2022-10-03', 3, 'asdfasdfasdfasdfasdf', '2023-03-01', '2023-03-01'),
(29, 41, 18, '2022-01-04', 2, 'asdfsadfasdfasdfaesadfasdf', '2023-03-01', '2023-03-01'),
(30, 36, 19, '2022-06-13', 2, 'asdfsadfasdfasdfsadf', '2023-03-01', '2023-03-01'),
(31, 45, 18, '2022-03-11', 3, 'asdfsadfasdfasdfasdf', '2023-03-01', '2023-03-01'),
(32, 3, 17, '2022-08-20', 2, 'asfasdfasdfasdfasdfsadfsadf', '2023-03-01', '2023-03-01'),
(33, 6, 17, '2022-10-14', 3, 'asdfsadfsadfasdfas', '2023-03-01', '2023-03-01'),
(34, 22, 16, '2022-09-30', 3, 'asdfsadasdfasdfasdf', '2023-03-01', '2023-03-01'),
(35, 17, 17, '2022-02-03', 2, 'asfasdfsadfasdf', '2023-03-01', '2023-03-01'),
(36, 20, 18, '2022-05-13', 3, 'asdfasdfasdfasdfasdf', '2023-03-01', '2023-03-01'),
(37, 30, 17, '2022-04-02', 2, 'afdsfdsafsadfasdfasdfasd', '2023-03-01', '2023-03-01'),
(38, 37, 17, '2022-12-06', 3, 'asdfasdfasdfsadfasdfasdf', '2023-03-01', '2023-03-01'),
(39, 46, 17, '2022-09-07', 3, 'asfdsadfasdfasdfasdfasdfasf', '2023-03-01', '2023-03-01'),
(40, 33, 18, '2022-06-20', 2, 'asdfsadfasfasdf', '2023-03-01', '2023-03-01'),
(41, 23, 17, '2022-01-08', 3, 'asdfsadfasfsdfasdfa', '2023-03-01', '2023-03-01'),
(42, 2, 19, '2022-09-16', 3, 'asdfsadfasdfasfas', '2023-03-01', '2023-03-01'),
(43, 36, 18, '2022-01-18', 3, 'sdfasdfasdfasdfasdf', '2023-03-01', '2023-03-01'),
(44, 13, 17, '2022-10-02', 2, 'safsdfasdfasdfasfasf', '2023-03-01', '2023-03-01'),
(45, 12, 18, '2022-01-02', 3, 'asdfsadfasdfasdfasf', '2023-03-01', '2023-03-01'),
(46, 5, 19, '2022-10-04', 3, 'asdfsdfasdfasdfasdfas', '2023-03-01', '2023-03-01'),
(47, 18, 19, '2022-12-05', 3, 'asfasdfasdfasdfasdf', '2023-03-01', '2023-03-01'),
(48, 3, 17, '2022-07-10', 3, 'sfasdfasdfasdfasf', '2023-03-01', '2023-03-01'),
(49, 12, 18, '2022-08-17', 3, 'asdfsadfsadfsadfsadfasdf', '2023-03-01', '2023-03-01'),
(50, 50, 19, '2022-06-11', 3, 'asdfsadfsadfasdfasdfa', '2023-03-01', '2023-03-01'),
(51, 38, 16, '2022-10-28', 3, 'asdfsadfasdfasdfsadfasdf', '2023-03-01', '2023-03-01'),
(52, 22, 16, '2022-12-27', 3, 'asdfasdfasdfasdfasdf', '2023-03-01', '2023-03-01'),
(53, 14, 16, '2022-03-24', 3, 'asdfsadfsadfasdfasdfasdf', '2023-03-01', '2023-03-01'),
(54, 14, 16, '2022-06-09', 3, 'afsdfasdfsadfasdfasdf', '2023-03-01', '2023-03-01'),
(55, 19, 18, '2022-04-04', 3, 'sadfsadfasdfasdfasfsdafsa', '2023-03-01', '2023-03-01'),
(56, 44, 17, '2022-07-12', 3, 'asdfasdfasdfasdfasdfasdfsaf', '2023-03-01', '2023-03-01'),
(57, 33, 17, '2022-02-19', 2, 'sdfsadfasdfasf', '2023-03-01', '2023-03-01'),
(58, 37, 16, '2022-07-24', 3, 'fasdfasdfasdfasdf', '2023-03-01', '2023-03-01'),
(59, 39, 17, '2022-09-30', 3, 'sadfasdfasdfasdfas', '2023-03-01', '2023-03-01'),
(60, 28, 19, '2022-11-08', 3, 'asfdsadfsadfasdfasdf', '2023-03-01', '2023-03-01'),
(61, 45, 16, '2022-06-05', 3, 'dsfasdfasdfasdfaf', '2023-03-01', '2023-03-01'),
(62, 42, 17, '2022-02-22', 2, 'asfsafsafasfsadf', '2023-03-01', '2023-03-01'),
(63, 43, 16, '2022-12-12', 3, 'sadfsadfsadfasdfsadf', '2023-03-01', '2023-03-01'),
(64, 21, 18, '2022-12-05', 3, 'sdfasdfsadfasdfasdfasdf', '2023-03-01', '2023-03-01'),
(65, 28, 17, '2022-03-18', 3, 'sfsdfsadfasdfasdfasf', '2023-03-01', '2023-03-01'),
(66, 50, 17, '2022-10-28', 3, 'dsfasdfsadfsadfasfaaerqr1', '2023-03-01', '2023-03-01'),
(67, 30, 17, '2022-12-20', 3, 'sfasdfsadfawefwefawefawef', '2023-03-01', '2023-03-01'),
(68, 29, 17, '2022-06-21', 3, 'sdfasdfsafasdfasdfawefawefawe', '2023-03-01', '2023-03-01'),
(69, 49, 19, '2022-03-23', 3, 'sfdasfawfwevqweqegwervgwe', '2023-03-01', '2023-03-01'),
(70, 27, 17, '2022-12-20', 3, 'sfasdfvewhrththfasdfasf', '2023-03-01', '2023-03-01'),
(71, 20, 16, '2022-09-27', 3, 'sfasdfsadsdgsagas', '2023-03-01', '2023-03-01'),
(72, 4, 16, '2022-01-03', 3, 'sdfawfsadfasdfasdfasdf', '2023-03-01', '2023-03-01'),
(73, 23, 16, '2022-07-15', 3, 'dsfassdfasdfasdfasdf', '2023-03-01', '2023-03-01'),
(74, 26, 16, '2022-11-27', 3, 'sdfasdfsadfasdfasdfasdf', '2023-03-01', '2023-03-01'),
(75, 20, 17, '2022-06-20', 2, 'sfasdfsafsadfsadfasdfasdf', '2023-03-01', '2023-03-01'),
(76, 34, 16, '2022-01-16', 3, 'sdfsadfsadfasdf', '2023-03-01', '2023-03-01'),
(77, 20, 17, '2022-09-04', 3, 'sdfasdfsadfsdfa', '2023-03-01', '2023-03-01'),
(78, 1, 19, '2022-09-22', 3, 'dsfasdfasdfsadfasd', '2023-03-01', '2023-03-01'),
(79, 17, 18, '2022-09-08', 2, 'sadfasdfsadfsadfasfasdf', '2023-03-01', '2023-03-01'),
(80, 21, 16, '2022-06-27', 2, 'dsdasfsadfasdfa', '2023-03-01', '2023-03-01'),
(81, 24, 18, '2022-05-28', 2, 'sdfsdfsafsdf', '2023-03-01', '2023-03-01'),
(82, 34, 18, '2022-06-25', 3, 'sadfsadfasdfasdfasdfasdf', '2023-03-01', '2023-03-01'),
(83, 32, 17, '2022-01-18', 3, 'sdfasdfasdfasdfasdf', '2023-03-01', '2023-03-01'),
(84, 41, 16, '2022-04-17', 3, 'dsdfasdfsadfsadfasdf', '2023-03-01', '2023-03-01'),
(85, 31, 17, '2022-04-03', 3, 'sdfasdfsadf', '2023-03-01', '2023-03-01'),
(86, 18, 18, '2022-09-02', 2, 'sdfasdfasfasfasdfasd', '2023-03-02', '2023-03-02'),
(87, 28, 18, '2022-10-10', 2, 'asdfsafasdfasdfasdfa', '2023-03-02', '2023-03-02'),
(88, 21, 16, '2022-02-08', 2, 'sadfasdfsadfasdf', '2023-03-02', '2023-03-02'),
(89, 44, 16, '2022-01-15', 1, 'asdfasdfasdfsadfasdf', '2023-03-02', '2023-03-02'),
(90, 6, 18, '2022-05-16', 2, 'asdfasdfsadfasdfasdfsadf', '2023-03-02', '2023-03-02'),
(91, 22, 16, '2022-10-14', 3, 'sfsadfasdfsadfsadfasdf', '2023-03-02', '2023-03-02'),
(92, 23, 16, '2022-04-20', 3, 'asdfasdfsadfasdfasdf', '2023-03-02', '2023-03-02'),
(93, 12, 16, '2022-03-07', 3, 'asdfasdfasdf', '2023-03-02', '2023-03-02'),
(94, 12, 19, '2022-03-24', 2, 'adfawfsdfsadfasdfasdf', '2023-03-02', '2023-03-02'),
(95, 48, 17, '2022-10-06', 2, 'asdfasfsadfasdf', '2023-03-02', '2023-03-02'),
(96, 21, 17, '2022-12-02', 2, 'asdfasfsadfasdf', '2023-03-02', '2023-03-02'),
(97, 40, 18, '2022-01-01', 2, 'asdfsadfsadfasdf', '2023-03-02', '2023-03-02'),
(98, 24, 19, '2022-05-25', 2, 'sdfasfasdfasdfsaf', '2023-03-02', '2023-03-02'),
(99, 26, 18, '2022-07-31', 2, 'sdfasdfsadfsadfadfasdf', '2023-03-02', '2023-03-02'),
(100, 40, 18, '2022-01-11', 2, 'asdfasdfasdfasf', '2023-03-02', '2023-03-02'),
(101, 32, 17, '2022-02-20', 2, 'sdfasdfasdfasdfasdf', '2023-03-02', '2023-03-02'),
(102, 20, 17, '2022-02-13', 2, 'asdfsadfsadfasdfasdf', '2023-03-02', '2023-03-02'),
(103, 3, 18, '2022-10-14', 2, 'aasdfsdfasdfasdfasfsdfasdf', '2023-03-02', '2023-03-02'),
(104, 19, 16, '2022-08-16', 2, 'asdfsdfsadfasdf', '2023-03-02', '2023-03-02'),
(105, 32, 17, '2022-06-04', 3, 'asdfasdfasdfasf', '2023-03-02', '2023-03-02'),
(106, 6, 17, '2022-02-15', 2, 'asdfasdfasdf', '2023-03-02', '2023-03-02'),
(107, 23, 16, '2022-09-12', 2, 'sdafsdfsadfsaf', '2023-03-02', '2023-03-02'),
(108, 1, 17, '2022-07-02', 2, 'sfasfsadfasdf', '2023-03-02', '2023-03-02'),
(109, 41, 17, '2022-01-20', 3, 'asfsadfasdfasdfasdfa', '2023-03-02', '2023-03-02'),
(110, 46, 16, '2022-08-06', 2, 'sdfasdfasdfsadfasdf', '2023-03-02', '2023-03-02'),
(111, 25, 19, '2022-09-22', 2, 'dsfasdfasfasf', '2023-03-02', '2023-03-02'),
(112, 46, 19, '2022-02-24', 2, 'sfasdfsadfsdfadf', '2023-03-02', '2023-03-02'),
(113, 6, 16, '2022-07-12', 2, 'asdfasdfsadf', '2023-03-02', '2023-03-02'),
(114, 43, 16, '2022-07-12', 3, 'asdfasdfasdfasdf', '2023-03-02', '2023-03-02'),
(115, 41, 18, '2022-04-02', 2, 'asdfasdfasfasfsdfasfd', '2023-03-02', '2023-03-02'),
(116, 19, 18, '2022-07-26', 2, 'afsadfsadfasdfawdasdfsadf', '2023-03-02', '2023-03-02'),
(117, 15, 18, '2022-11-06', 2, 'dsfasdfasfasdfs', '2023-03-02', '2023-03-02'),
(118, 31, 18, '2022-02-04', 2, 'fasdfsdfsadfasfsadf', '2023-03-02', '2023-03-02'),
(119, 41, 17, '2022-09-04', 2, 'sdfasdfasdfadsf', '2023-03-02', '2023-03-02'),
(120, 24, 17, '2022-04-05', 2, 'fsafasdfasdfasdf', '2023-03-02', '2023-03-02');

-- --------------------------------------------------------

--
-- Table structure for table `treat_medi_lists`
--

CREATE TABLE `treat_medi_lists` (
  `id` int(11) NOT NULL,
  `medicine_id` int(11) NOT NULL,
  `treatment_id` int(11) NOT NULL,
  `qty` varchar(255) NOT NULL,
  `medi_per_price` int(10) NOT NULL,
  `created_at` date NOT NULL,
  `updated_at` date NOT NULL
) ENGINE=InnoDB DEFAULT CHARSET=utf8mb4;

--
-- Dumping data for table `treat_medi_lists`
--

INSERT INTO `treat_medi_lists` (`id`, `medicine_id`, `treatment_id`, `qty`, `medi_per_price`, `created_at`, `updated_at`) VALUES
(1, 3, 1, '9', 33, '2023-03-01', '2023-03-01'),
(2, 10, 1, '9', 333, '2023-03-01', '2023-03-01'),
(3, 18, 2, '3', 333, '2023-03-01', '2023-03-01'),
(4, 1, 3, '9', 100, '2023-03-01', '2023-03-01'),
(5, 12, 3, '9', 133, '2023-03-01', '2023-03-01'),
(6, 14, 3, '9', 166, '2023-03-01', '2023-03-01'),
(7, 8, 4, '4', 200, '2023-03-01', '2023-03-01'),
(8, 16, 5, '9', 333, '2023-03-01', '2023-03-01'),
(9, 14, 5, '9', 166, '2023-03-01', '2023-03-01'),
(10, 18, 5, '9', 333, '2023-03-01', '2023-03-01'),
(11, 5, 6, '6', 250, '2023-03-01', '2023-03-01'),
(12, 6, 6, '6', 66, '2023-03-01', '2023-03-01'),
(13, 14, 7, '6', 166, '2023-03-01', '2023-03-01'),
(14, 17, 7, '6', 166, '2023-03-01', '2023-03-01'),
(15, 10, 7, '6', 333, '2023-03-01', '2023-03-01'),
(16, 16, 8, '9', 333, '2023-03-01', '2023-03-01'),
(17, 10, 9, '9', 333, '2023-03-01', '2023-03-01'),
(18, 2, 9, '9', 166, '2023-03-01', '2023-03-01'),
(19, 5, 9, '9', 250, '2023-03-01', '2023-03-01'),
(20, 8, 10, '6', 200, '2023-03-01', '2023-03-01'),
(21, 6, 10, '6', 66, '2023-03-01', '2023-03-01'),
(22, 14, 10, '6', 166, '2023-03-01', '2023-03-01'),
(23, 14, 11, '6', 166, '2023-03-01', '2023-03-01'),
(24, 18, 12, '9', 333, '2023-03-01', '2023-03-01'),
(25, 2, 12, '9', 166, '2023-03-01', '2023-03-01'),
(26, 16, 13, '6', 333, '2023-03-01', '2023-03-01'),
(27, 3, 14, '9', 33, '2023-03-01', '2023-03-01'),
(28, 18, 14, '9', 333, '2023-03-01', '2023-03-01'),
(29, 8, 14, '9', 200, '2023-03-01', '2023-03-01'),
(30, 3, 15, '9', 33, '2023-03-01', '2023-03-01'),
(31, 16, 15, '9', 333, '2023-03-01', '2023-03-01'),
(32, 8, 15, '9', 200, '2023-03-01', '2023-03-01'),
(33, 10, 16, '6', 333, '2023-03-01', '2023-03-01'),
(34, 3, 16, '6', 33, '2023-03-01', '2023-03-01'),
(35, 8, 16, '6', 200, '2023-03-01', '2023-03-01'),
(36, 8, 17, '6', 200, '2023-03-01', '2023-03-01'),
(37, 8, 18, '6', 200, '2023-03-01', '2023-03-01'),
(38, 3, 18, '6', 33, '2023-03-01', '2023-03-01'),
(39, 6, 19, '6', 66, '2023-03-01', '2023-03-01'),
(40, 3, 20, '9', 33, '2023-03-01', '2023-03-01'),
(41, 13, 20, '9', 150, '2023-03-01', '2023-03-01'),
(42, 8, 21, '6', 200, '2023-03-01', '2023-03-01'),
(43, 17, 21, '6', 166, '2023-03-01', '2023-03-01'),
(44, 6, 21, '6', 66, '2023-03-01', '2023-03-01'),
(45, 13, 22, '9', 150, '2023-03-01', '2023-03-01'),
(46, 3, 23, '6', 33, '2023-03-01', '2023-03-01'),
(47, 8, 23, '6', 200, '2023-03-01', '2023-03-01'),
(48, 18, 24, '6', 333, '2023-03-01', '2023-03-01'),
(49, 13, 24, '6', 150, '2023-03-01', '2023-03-01'),
(50, 1, 24, '6', 100, '2023-03-01', '2023-03-01'),
(51, 1, 25, '9', 100, '2023-03-01', '2023-03-01'),
(52, 12, 25, '9', 133, '2023-03-01', '2023-03-01'),
(53, 12, 26, '9', 133, '2023-03-01', '2023-03-01'),
(54, 6, 26, '9', 66, '2023-03-01', '2023-03-01'),
(55, 1, 27, '9', 100, '2023-03-01', '2023-03-01'),
(56, 18, 27, '9', 333, '2023-03-01', '2023-03-01'),
(57, 5, 27, '9', 250, '2023-03-01', '2023-03-01'),
(58, 2, 28, '9', 166, '2023-03-01', '2023-03-01'),
(59, 10, 28, '9', 333, '2023-03-01', '2023-03-01'),
(60, 3, 28, '9', 33, '2023-03-01', '2023-03-01'),
(61, 13, 29, '6', 150, '2023-03-01', '2023-03-01'),
(62, 14, 29, '6', 166, '2023-03-01', '2023-03-01'),
(63, 12, 30, '6', 133, '2023-03-01', '2023-03-01'),
(64, 8, 31, '9', 200, '2023-03-01', '2023-03-01'),
(65, 18, 31, '9', 333, '2023-03-01', '2023-03-01'),
(66, 16, 32, '6', 333, '2023-03-01', '2023-03-01'),
(67, 1, 32, '6', 100, '2023-03-01', '2023-03-01'),
(68, 18, 32, '6', 333, '2023-03-01', '2023-03-01'),
(69, 6, 33, '9', 66, '2023-03-01', '2023-03-01'),
(70, 14, 34, '9', 166, '2023-03-01', '2023-03-01'),
(71, 3, 34, '9', 33, '2023-03-01', '2023-03-01'),
(72, 16, 35, '6', 333, '2023-03-01', '2023-03-01'),
(73, 12, 35, '6', 133, '2023-03-01', '2023-03-01'),
(74, 1, 35, '6', 100, '2023-03-01', '2023-03-01'),
(75, 18, 36, '6', 333, '2023-03-01', '2023-03-01'),
(76, 13, 36, '6', 150, '2023-03-01', '2023-03-01'),
(77, 8, 37, '6', 200, '2023-03-01', '2023-03-01'),
(78, 12, 37, '6', 133, '2023-03-01', '2023-03-01'),
(79, 8, 38, '9', 200, '2023-03-01', '2023-03-01'),
(80, 17, 38, '9', 166, '2023-03-01', '2023-03-01'),
(81, 1, 38, '9', 100, '2023-03-01', '2023-03-01'),
(82, 1, 39, '9', 100, '2023-03-01', '2023-03-01'),
(83, 16, 40, '6', 333, '2023-03-01', '2023-03-01'),
(84, 17, 40, '6', 166, '2023-03-01', '2023-03-01'),
(85, 6, 40, '6', 66, '2023-03-01', '2023-03-01'),
(86, 10, 41, '9', 333, '2023-03-01', '2023-03-01'),
(87, 3, 41, '9', 33, '2023-03-01', '2023-03-01'),
(88, 12, 41, '9', 133, '2023-03-01', '2023-03-01'),
(89, 17, 42, '9', 166, '2023-03-01', '2023-03-01'),
(90, 5, 42, '9', 250, '2023-03-01', '2023-03-01'),
(91, 18, 43, '6', 333, '2023-03-01', '2023-03-01'),
(92, 1, 43, '6', 100, '2023-03-01', '2023-03-01'),
(93, 17, 44, '6', 166, '2023-03-01', '2023-03-01'),
(94, 16, 44, '6', 333, '2023-03-01', '2023-03-01'),
(95, 2, 45, '9', 166, '2023-03-01', '2023-03-01'),
(96, 8, 46, '9', 200, '2023-03-01', '2023-03-01'),
(97, 6, 46, '9', 66, '2023-03-01', '2023-03-01'),
(98, 1, 47, '9', 100, '2023-03-01', '2023-03-01'),
(99, 12, 48, '9', 133, '2023-03-01', '2023-03-01'),
(100, 14, 48, '9', 166, '2023-03-01', '2023-03-01'),
(101, 13, 48, '9', 150, '2023-03-01', '2023-03-01'),
(102, 2, 48, '9', 166, '2023-03-01', '2023-03-01'),
(103, 13, 49, '9', 150, '2023-03-01', '2023-03-01'),
(104, 16, 49, '9', 333, '2023-03-01', '2023-03-01'),
(105, 3, 50, '9', 33, '2023-03-01', '2023-03-01'),
(106, 12, 50, '9', 133, '2023-03-01', '2023-03-01'),
(107, 5, 51, '9', 250, '2023-03-01', '2023-03-01'),
(108, 17, 52, '9', 166, '2023-03-01', '2023-03-01'),
(109, 8, 52, '9', 200, '2023-03-01', '2023-03-01'),
(110, 16, 52, '9', 333, '2023-03-01', '2023-03-01'),
(111, 12, 53, '9', 133, '2023-03-01', '2023-03-01'),
(112, 2, 54, '9', 166, '2023-03-01', '2023-03-01'),
(113, 16, 54, '9', 333, '2023-03-01', '2023-03-01'),
(114, 3, 55, '9', 33, '2023-03-01', '2023-03-01'),
(115, 1, 55, '9', 100, '2023-03-01', '2023-03-01'),
(116, 6, 56, '9', 66, '2023-03-01', '2023-03-01'),
(117, 13, 56, '9', 150, '2023-03-01', '2023-03-01'),
(118, 2, 56, '9', 166, '2023-03-01', '2023-03-01'),
(119, 16, 57, '6', 333, '2023-03-01', '2023-03-01'),
(120, 5, 58, '6', 250, '2023-03-01', '2023-03-01'),
(121, 10, 58, '6', 333, '2023-03-01', '2023-03-01'),
(122, 8, 58, '6', 200, '2023-03-01', '2023-03-01'),
(123, 6, 59, '9', 66, '2023-03-01', '2023-03-01'),
(124, 8, 60, '9', 200, '2023-03-01', '2023-03-01'),
(125, 12, 60, '9', 133, '2023-03-01', '2023-03-01'),
(126, 13, 61, '9', 150, '2023-03-01', '2023-03-01'),
(127, 1, 61, '9', 100, '2023-03-01', '2023-03-01'),
(128, 14, 62, '6', 166, '2023-03-01', '2023-03-01'),
(129, 8, 62, '6', 200, '2023-03-01', '2023-03-01'),
(130, 3, 62, '6', 33, '2023-03-01', '2023-03-01'),
(131, 8, 63, '9', 200, '2023-03-01', '2023-03-01'),
(132, 17, 63, '9', 166, '2023-03-01', '2023-03-01'),
(133, 18, 63, '9', 333, '2023-03-01', '2023-03-01'),
(134, 12, 64, '9', 133, '2023-03-01', '2023-03-01'),
(135, 10, 64, '9', 333, '2023-03-01', '2023-03-01'),
(136, 18, 65, '9', 333, '2023-03-01', '2023-03-01'),
(137, 3, 65, '9', 33, '2023-03-01', '2023-03-01'),
(138, 12, 65, '9', 133, '2023-03-01', '2023-03-01'),
(139, 5, 66, '9', 250, '2023-03-01', '2023-03-01'),
(140, 17, 67, '9', 166, '2023-03-01', '2023-03-01'),
(141, 1, 67, '9', 100, '2023-03-01', '2023-03-01'),
(142, 1, 68, '9', 100, '2023-03-01', '2023-03-01'),
(143, 10, 68, '9', 333, '2023-03-01', '2023-03-01'),
(144, 12, 69, '9', 133, '2023-03-01', '2023-03-01'),
(145, 13, 69, '9', 150, '2023-03-01', '2023-03-01'),
(146, 6, 69, '9', 66, '2023-03-01', '2023-03-01'),
(147, 12, 70, '9', 133, '2023-03-01', '2023-03-01'),
(148, 13, 70, '9', 150, '2023-03-01', '2023-03-01'),
(149, 17, 70, '9', 166, '2023-03-01', '2023-03-01'),
(150, 12, 71, '9', 133, '2023-03-01', '2023-03-01'),
(151, 13, 71, '9', 150, '2023-03-01', '2023-03-01'),
(152, 1, 72, '9', 100, '2023-03-01', '2023-03-01'),
(153, 13, 72, '9', 150, '2023-03-01', '2023-03-01'),
(154, 6, 73, '9', 66, '2023-03-01', '2023-03-01'),
(155, 10, 73, '9', 333, '2023-03-01', '2023-03-01'),
(156, 17, 73, '9', 166, '2023-03-01', '2023-03-01'),
(157, 18, 74, '9', 333, '2023-03-01', '2023-03-01'),
(158, 3, 74, '9', 33, '2023-03-01', '2023-03-01'),
(159, 10, 75, '6', 333, '2023-03-01', '2023-03-01'),
(160, 13, 75, '6', 150, '2023-03-01', '2023-03-01'),
(161, 1, 75, '6', 100, '2023-03-01', '2023-03-01'),
(162, 6, 76, '9', 66, '2023-03-01', '2023-03-01'),
(163, 10, 76, '9', 333, '2023-03-01', '2023-03-01'),
(164, 10, 77, '9', 333, '2023-03-01', '2023-03-01'),
(165, 18, 78, '9', 333, '2023-03-01', '2023-03-01'),
(166, 13, 79, '6', 150, '2023-03-01', '2023-03-01'),
(167, 8, 79, '6', 200, '2023-03-01', '2023-03-01'),
(168, 1, 79, '6', 100, '2023-03-01', '2023-03-01'),
(169, 12, 80, '6', 133, '2023-03-01', '2023-03-01'),
(170, 1, 80, '6', 100, '2023-03-01', '2023-03-01'),
(171, 13, 81, '6', 150, '2023-03-01', '2023-03-01'),
(172, 5, 81, '6', 250, '2023-03-01', '2023-03-01'),
(173, 10, 81, '6', 333, '2023-03-01', '2023-03-01'),
(174, 18, 82, '9', 333, '2023-03-01', '2023-03-01'),
(175, 13, 82, '9', 150, '2023-03-01', '2023-03-01'),
(176, 13, 83, '9', 150, '2023-03-01', '2023-03-01'),
(177, 16, 83, '9', 333, '2023-03-01', '2023-03-01'),
(178, 8, 83, '9', 200, '2023-03-01', '2023-03-01'),
(179, 3, 83, '9', 33, '2023-03-01', '2023-03-01'),
(180, 18, 84, '9', 333, '2023-03-01', '2023-03-01'),
(181, 13, 84, '9', 150, '2023-03-01', '2023-03-01'),
(182, 8, 84, '9', 200, '2023-03-01', '2023-03-01'),
(183, 8, 85, '9', 3000, '2023-03-01', '2023-03-01'),
(184, 3, 86, '6', 33, '2023-03-02', '2023-03-02'),
(185, 1, 87, '6', 100, '2023-03-02', '2023-03-02'),
(186, 16, 87, '6', 333, '2023-03-02', '2023-03-02'),
(187, 1, 88, '6', 100, '2023-03-02', '2023-03-02'),
(188, 6, 89, '3', 66, '2023-03-02', '2023-03-02'),
(189, 18, 90, '6', 333, '2023-03-02', '2023-03-02'),
(190, 5, 90, '6', 250, '2023-03-02', '2023-03-02'),
(191, 6, 91, '9', 66, '2023-03-02', '2023-03-02'),
(192, 18, 92, '9', 333, '2023-03-02', '2023-03-02'),
(193, 3, 93, '9', 33, '2023-03-02', '2023-03-02'),
(194, 1, 94, '6', 100, '2023-03-02', '2023-03-02'),
(195, 14, 95, '6', 166, '2023-03-02', '2023-03-02'),
(196, 10, 95, '6', 333, '2023-03-02', '2023-03-02'),
(197, 5, 96, '6', 250, '2023-03-02', '2023-03-02'),
(198, 2, 97, '6', 166, '2023-03-02', '2023-03-02'),
(199, 12, 98, '9', 150, '2023-03-02', '2023-03-02'),
(200, 13, 99, '6', 150, '2023-03-02', '2023-03-02'),
(201, 16, 99, '6', 333, '2023-03-02', '2023-03-02'),
(202, 3, 100, '6', 33, '2023-03-02', '2023-03-02'),
(203, 12, 101, '6', 150, '2023-03-02', '2023-03-02'),
(204, 8, 102, '6', 3000, '2023-03-02', '2023-03-02'),
(205, 1, 102, '6', 100, '2023-03-02', '2023-03-02'),
(206, 18, 103, '6', 333, '2023-03-02', '2023-03-02'),
(207, 3, 104, '6', 33, '2023-03-02', '2023-03-02'),
(208, 13, 105, '6', 150, '2023-03-02', '2023-03-02'),
(209, 16, 105, '6', 333, '2023-03-02', '2023-03-02'),
(210, 16, 106, '6', 333, '2023-03-02', '2023-03-02'),
(211, 5, 107, '6', 250, '2023-03-02', '2023-03-02'),
(212, 2, 107, '6', 166, '2023-03-02', '2023-03-02'),
(213, 2, 108, '6', 166, '2023-03-02', '2023-03-02'),
(214, 5, 109, '9', 250, '2023-03-02', '2023-03-02'),
(215, 18, 110, '6', 333, '2023-03-02', '2023-03-02'),
(216, 3, 110, '6', 33, '2023-03-02', '2023-03-02'),
(217, 5, 111, '6', 250, '2023-03-02', '2023-03-02'),
(218, 2, 112, '6', 166, '2023-03-02', '2023-03-02'),
(219, 3, 112, '6', 33, '2023-03-02', '2023-03-02'),
(220, 1, 113, '6', 100, '2023-03-02', '2023-03-02'),
(221, 2, 114, '9', 166, '2023-03-02', '2023-03-02'),
(222, 16, 115, '6', 333, '2023-03-02', '2023-03-02'),
(223, 16, 116, '6', 333, '2023-03-02', '2023-03-02'),
(224, 1, 116, '6', 100, '2023-03-02', '2023-03-02'),
(225, 3, 117, '6', 33, '2023-03-02', '2023-03-02'),
(226, 1, 118, '6', 100, '2023-03-02', '2023-03-02'),
(227, 12, 119, '6', 150, '2023-03-02', '2023-03-02'),
(228, 3, 120, '6', 33, '2023-03-02', '2023-03-02');

-- --------------------------------------------------------

--
-- Table structure for table `users`
--

CREATE TABLE `users` (
  `id` int(11) NOT NULL,
  `acc_name` varchar(255) DEFAULT NULL,
  `password` varchar(255) DEFAULT NULL,
  `role_id` int(11) DEFAULT NULL,
  `token` longtext DEFAULT NULL,
  `created_at` date DEFAULT NULL,
  `updated_at` date DEFAULT NULL
) ENGINE=InnoDB DEFAULT CHARSET=utf8mb4;

--
-- Dumping data for table `users`
--

INSERT INTO `users` (`id`, `acc_name`, `password`, `role_id`, `token`, `created_at`, `updated_at`) VALUES
(1, 'admin@gmail.com', '$2y$10$/YzNNtZXLnZUkqsbjXh2regSonW31E2lIo1yswlNGFPrzzs2Vh6Oa', 1, '9153db72017bace61214ca992b2ebbc5', '2023-01-24', '2023-01-24'),
(3, 'myo2@gmail.com', '$2y$10$e/btID2mmWZyl9rX6dLXfukeGJ0P4oM7Oumg0GNd6.ipe2Iv6q/bu', 3, NULL, '2023-01-24', '2023-01-24'),
(11, 'reception@gmail.com', '$2y$10$N56lRsQcLvy8xulMWi6eIOCf6Fl5C8DtubHTYsRR3vD1doeJbLiw6', 3, 'a7550bdf93abb21ee21e99d0c5e57e5a', '2023-02-16', '2023-02-16'),
(16, 'arkar@gmail.com', '$2y$10$K2Sh7L4MYXu7l7lmeuP93uRaL9FTEDgZSFtg6wMXhtzBITq0fbvzO', 2, 'e397acdb0ad5d3b342d699f0467a0cfe', '2023-02-16', '2023-02-16'),
(17, 'maung2@gamil.com', '$2y$10$vdBJba2n1ogi9.VbqkRX7OBByLES13cvRcVkksBc9v4Vn4h8I75l6', 2, NULL, '2023-02-17', '2023-02-17'),
(18, 'yegyi@gmail.com', '$2y$10$GZBkER.rJQ0VqUXGrMFiL.lqnYTKqvpqWn.WIBsZv3Rpvo3Vo2.He', 2, 'bfa19456159869a35aaf235a0416cc5c', '2023-02-21', '2023-02-21'),
(19, 'khaing@gmail.com', '$2y$10$iGv/h1WBH5wIds/GjJkjIupBSDNYZ.hTdjVljxWQ4NfBxkYg4h98u', 2, 'c55cc9a63d7685538b41440a0bf67125', '2023-02-28', '2023-02-28');

-- --------------------------------------------------------

--
-- Table structure for table `user_infos`
--

CREATE TABLE `user_infos` (
  `id` int(11) NOT NULL,
  `user_id` int(11) DEFAULT NULL,
  `name` varchar(255) DEFAULT NULL,
  `user_code` varchar(255) DEFAULT NULL,
  `age` varchar(255) DEFAULT NULL,
  `education` varchar(255) DEFAULT NULL,
  `martial_status` varchar(255) DEFAULT NULL,
  `nrc` varchar(255) DEFAULT NULL,
  `gender` int(11) NOT NULL,
  `img` varchar(255) NOT NULL,
  `phone` varchar(255) NOT NULL,
  `specialities` int(11) NOT NULL,
  `created_at` date DEFAULT NULL,
  `updated_at` date DEFAULT NULL
) ENGINE=InnoDB DEFAULT CHARSET=utf8mb4;

--
-- Dumping data for table `user_infos`
--

INSERT INTO `user_infos` (`id`, `user_id`, `name`, `user_code`, `age`, `education`, `martial_status`, `nrc`, `gender`, `img`, `phone`, `specialities`, `created_at`, `updated_at`) VALUES
(2, 3, 'Myo Myo', 'rp-0001', '22', 'Accounting', 'Single', '9/KhaAhSa(N)123456', 0, '', '', 0, '2023-01-24', '2023-01-24'),
(13, 16, 'Arkar', 'dr-0005', '2023-02-16', 'M.B.B.S', 'Single', '9/KhaMaSa(N)928123', 2, '1676526675Me.jpg', '+9599999999', 1, '2023-02-16', '2023-02-16'),
(14, 17, 'Maung Maung', 'dr-0006', '2023-02-17', 'M.B.B.S', 'Married', '9/KMS(N)9123415', 2, '1676605631GitHub-Mark.png', '09450999875', 2, '2023-02-17', '2023-02-17'),
(15, 18, 'Ye Gyi', 'dr-0007', '2023-02-21', 'M.B.B.S', '4', '9/KMS(N)9123415', 2, '1676968849Me.jpg', '09450999873', 1, '2023-02-21', '2023-02-21'),
(16, 19, 'Khaing Khaing', 'dr-0008', '2023-02-21', 'M.B.B.S', 'Married', '9/KMS(N)9123415', 1, '1677562126Me.jpg', '09450999874', 2, '2023-02-28', '2023-02-28');

--
-- Indexes for dumped tables
--

--
-- Indexes for table `appointments`
--
ALTER TABLE `appointments`
  ADD PRIMARY KEY (`id`);

--
-- Indexes for table `medicines`
--
ALTER TABLE `medicines`
  ADD PRIMARY KEY (`id`),
  ADD KEY `category_id` (`category_id`),
  ADD KEY `type_id` (`type_id`);

--
-- Indexes for table `medi_category`
--
ALTER TABLE `medi_category`
  ADD PRIMARY KEY (`id`);

--
-- Indexes for table `medi_stocks`
--
ALTER TABLE `medi_stocks`
  ADD PRIMARY KEY (`id`),
  ADD KEY `medi_stocks_ibfk_1` (`medicine_id`);

--
-- Indexes for table `medi_type`
--
ALTER TABLE `medi_type`
  ADD PRIMARY KEY (`id`);

--
-- Indexes for table `medi_warehouses`
--
ALTER TABLE `medi_warehouses`
  ADD PRIMARY KEY (`id`),
  ADD KEY `medicine_id` (`medicine_id`);

--
-- Indexes for table `patients`
--
ALTER TABLE `patients`
  ADD PRIMARY KEY (`id`);

--
-- Indexes for table `payments`
--
ALTER TABLE `payments`
  ADD PRIMARY KEY (`id`);

--
-- Indexes for table `prescriptions`
--
ALTER TABLE `prescriptions`
  ADD PRIMARY KEY (`id`);

--
-- Indexes for table `roles`
--
ALTER TABLE `roles`
  ADD PRIMARY KEY (`id`);

--
-- Indexes for table `schedules`
--
ALTER TABLE `schedules`
  ADD PRIMARY KEY (`id`);

--
-- Indexes for table `service_prices`
--
ALTER TABLE `service_prices`
  ADD PRIMARY KEY (`id`),
  ADD KEY `user_id` (`user_id`);

--
-- Indexes for table `treatments`
--
ALTER TABLE `treatments`
  ADD PRIMARY KEY (`id`),
  ADD KEY `treatments_ibfk_1` (`pr_id`),
  ADD KEY `treatments_ibfk_2` (`user_id`);

--
-- Indexes for table `treat_medi_lists`
--
ALTER TABLE `treat_medi_lists`
  ADD PRIMARY KEY (`id`),
  ADD KEY `treat_medi_lists_ibfk_1` (`treatment_id`),
  ADD KEY `treat_medi_lists_ibfk_2` (`medicine_id`);

--
-- Indexes for table `users`
--
ALTER TABLE `users`
  ADD PRIMARY KEY (`id`),
  ADD KEY `role_id` (`role_id`);

--
-- Indexes for table `user_infos`
--
ALTER TABLE `user_infos`
  ADD PRIMARY KEY (`id`),
  ADD KEY `user_id` (`user_id`);

--
-- AUTO_INCREMENT for dumped tables
--

--
-- AUTO_INCREMENT for table `appointments`
--
ALTER TABLE `appointments`
  MODIFY `id` int(11) NOT NULL AUTO_INCREMENT, AUTO_INCREMENT=121;

--
-- AUTO_INCREMENT for table `medicines`
--
ALTER TABLE `medicines`
  MODIFY `id` int(11) NOT NULL AUTO_INCREMENT, AUTO_INCREMENT=21;

--
-- AUTO_INCREMENT for table `medi_category`
--
ALTER TABLE `medi_category`
  MODIFY `id` int(11) NOT NULL AUTO_INCREMENT, AUTO_INCREMENT=8;

--
-- AUTO_INCREMENT for table `medi_stocks`
--
ALTER TABLE `medi_stocks`
  MODIFY `id` int(11) NOT NULL AUTO_INCREMENT, AUTO_INCREMENT=26;

--
-- AUTO_INCREMENT for table `medi_type`
--
ALTER TABLE `medi_type`
  MODIFY `id` int(11) NOT NULL AUTO_INCREMENT, AUTO_INCREMENT=10;

--
-- AUTO_INCREMENT for table `medi_warehouses`
--
ALTER TABLE `medi_warehouses`
  MODIFY `id` int(11) NOT NULL AUTO_INCREMENT, AUTO_INCREMENT=21;

--
-- AUTO_INCREMENT for table `patients`
--
ALTER TABLE `patients`
  MODIFY `id` int(11) NOT NULL AUTO_INCREMENT, AUTO_INCREMENT=51;

--
-- AUTO_INCREMENT for table `payments`
--
ALTER TABLE `payments`
  MODIFY `id` int(11) NOT NULL AUTO_INCREMENT, AUTO_INCREMENT=121;

--
-- AUTO_INCREMENT for table `prescriptions`
--
ALTER TABLE `prescriptions`
  MODIFY `id` int(11) NOT NULL AUTO_INCREMENT;

--
-- AUTO_INCREMENT for table `roles`
--
ALTER TABLE `roles`
  MODIFY `id` int(11) NOT NULL AUTO_INCREMENT, AUTO_INCREMENT=4;

--
-- AUTO_INCREMENT for table `schedules`
--
ALTER TABLE `schedules`
  MODIFY `id` int(11) NOT NULL AUTO_INCREMENT, AUTO_INCREMENT=628;

--
-- AUTO_INCREMENT for table `service_prices`
--
ALTER TABLE `service_prices`
  MODIFY `id` int(11) NOT NULL AUTO_INCREMENT, AUTO_INCREMENT=6;

--
-- AUTO_INCREMENT for table `treatments`
--
ALTER TABLE `treatments`
  MODIFY `id` int(11) NOT NULL AUTO_INCREMENT, AUTO_INCREMENT=121;

--
-- AUTO_INCREMENT for table `treat_medi_lists`
--
ALTER TABLE `treat_medi_lists`
  MODIFY `id` int(11) NOT NULL AUTO_INCREMENT, AUTO_INCREMENT=229;

--
-- AUTO_INCREMENT for table `users`
--
ALTER TABLE `users`
  MODIFY `id` int(11) NOT NULL AUTO_INCREMENT, AUTO_INCREMENT=20;

--
-- AUTO_INCREMENT for table `user_infos`
--
ALTER TABLE `user_infos`
  MODIFY `id` int(11) NOT NULL AUTO_INCREMENT, AUTO_INCREMENT=17;

--
-- Constraints for dumped tables
--

--
-- Constraints for table `medicines`
--
ALTER TABLE `medicines`
  ADD CONSTRAINT `medicines_ibfk_1` FOREIGN KEY (`category_id`) REFERENCES `medi_category` (`id`),
  ADD CONSTRAINT `medicines_ibfk_2` FOREIGN KEY (`type_id`) REFERENCES `medi_type` (`id`);

--
-- Constraints for table `medi_stocks`
--
ALTER TABLE `medi_stocks`
  ADD CONSTRAINT `medi_stocks_ibfk_1` FOREIGN KEY (`medicine_id`) REFERENCES `medicines` (`id`) ON UPDATE CASCADE;

--
-- Constraints for table `medi_warehouses`
--
ALTER TABLE `medi_warehouses`
  ADD CONSTRAINT `medi_warehouses_ibfk_1` FOREIGN KEY (`medicine_id`) REFERENCES `medicines` (`id`) ON UPDATE CASCADE;

--
-- Constraints for table `service_prices`
--
ALTER TABLE `service_prices`
  ADD CONSTRAINT `service_prices_ibfk_1` FOREIGN KEY (`user_id`) REFERENCES `users` (`id`);

--
-- Constraints for table `treat_medi_lists`
--
ALTER TABLE `treat_medi_lists`
  ADD CONSTRAINT `treat_medi_lists_ibfk_2` FOREIGN KEY (`medicine_id`) REFERENCES `medicines` (`id`) ON DELETE CASCADE;

--
-- Constraints for table `users`
--
ALTER TABLE `users`
  ADD CONSTRAINT `users_ibfk_1` FOREIGN KEY (`role_id`) REFERENCES `roles` (`id`);

--
-- Constraints for table `user_infos`
--
ALTER TABLE `user_infos`
  ADD CONSTRAINT `user_infos_ibfk_1` FOREIGN KEY (`user_id`) REFERENCES `users` (`id`) ON UPDATE CASCADE;
COMMIT;

/*!40101 SET CHARACTER_SET_CLIENT=@OLD_CHARACTER_SET_CLIENT */;
/*!40101 SET CHARACTER_SET_RESULTS=@OLD_CHARACTER_SET_RESULTS */;
/*!40101 SET COLLATION_CONNECTION=@OLD_COLLATION_CONNECTION */;
